source_id,source_sha256,page,table,row,column,value_original,reference,verification_status
G022,3f6070e93276f951461b9091ef9e41f6b6ab783c6eba1049d8c7a81be99a8be8,1,1,1,1,(cid:292)ा(cid:510)प-1 (जनपदवार) गंगा ए(cid:200)स(cid:292)ेसवे प(cid:464)रयोजना के अ(cid:219)तगत(cid:91) (cid:272)य क(cid:551) जाने वाल(cid:547) भू(cid:871)म का दै(cid:467)नक/(cid:272)(cid:871)मक (cid:874)ववरण,PDF page 1; detected table 1; row 1; column 1,review_required
G022,3f6070e93276f951461b9091ef9e41f6b6ab783c6eba1049d8c7a81be99a8be8,1,1,2,1,(cid:465)दनांक 11-10-2021 (Updated till 10-10-2021),PDF page 1; detected table 1; row 2; column 1,review_required
G022,3f6070e93276f951461b9091ef9e41f6b6ab783c6eba1049d8c7a81be99a8be8,1,1,3,1,(cid:272)0 सं0,PDF page 1; detected table 1; row 3; column 1,review_required
G022,3f6070e93276f951461b9091ef9e41f6b6ab783c6eba1049d8c7a81be99a8be8,1,1,3,2,जनपद,PDF page 1; detected table 1; row 3; column 2,review_required
G022,3f6070e93276f951461b9091ef9e41f6b6ab783c6eba1049d8c7a81be99a8be8,1,1,3,3,"(cid:292)भा(cid:874)वत
(cid:274)ाम(cid:585) क(cid:551)
सं(cid:201)या",PDF page 1; detected table 1; row 3; column 3,review_required
G022,3f6070e93276f951461b9091ef9e41f6b6ab783c6eba1049d8c7a81be99a8be8,1,1,3,4,"संरेखण के
अ(cid:219)तगत(cid:91)
(cid:292)(cid:232)ता(cid:874)वत
कुल (cid:162)े(cid:287)फल",PDF page 1; detected table 1; row 3; column 4,review_required
G022,3f6070e93276f951461b9091ef9e41f6b6ab783c6eba1049d8c7a81be99a8be8,1,1,3,5,(cid:292)े(cid:874)षत (cid:292)(cid:232)ताव(cid:585) म(cid:581) सि(cid:224)म(cid:871)लत (cid:162)0े (हे0),PDF page 1; detected table 1; row 3; column 5,review_required
G022,3f6070e93276f951461b9091ef9e41f6b6ab783c6eba1049d8c7a81be99a8be8,1,1,3,9,दै(cid:467)नक,PDF page 1; detected table 1; row 3; column 9,review_required
G022,3f6070e93276f951461b9091ef9e41f6b6ab783c6eba1049d8c7a81be99a8be8,1,1,3,11,(cid:272)(cid:871)मक,PDF page 1; detected table 1; row 3; column 11,review_required
G022,3f6070e93276f951461b9091ef9e41f6b6ab783c6eba1049d8c7a81be99a8be8,1,1,3,13,कुल (cid:229)यय,PDF page 1; detected table 1; row 3; column 13,review_required
G022,3f6070e93276f951461b9091ef9e41f6b6ab783c6eba1049d8c7a81be99a8be8,1,1,3,17,कुल (cid:873)कसान(cid:585) क(cid:551),PDF page 1; detected table 1; row 3; column 17,review_required
G022,3f6070e93276f951461b9091ef9e41f6b6ab783c6eba1049d8c7a81be99a8be8,1,1,3,18,पुन(cid:274)ह(cid:91)(cid:547)त/,PDF page 1; detected table 1; row 3; column 18,review_required
G022,3f6070e93276f951461b9091ef9e41f6b6ab783c6eba1049d8c7a81be99a8be8,1,1,3,19,कालम-5 के,PDF page 1; detected table 1; row 3; column 19,review_required
G022,3f6070e93276f951461b9091ef9e41f6b6ab783c6eba1049d8c7a81be99a8be8,1,1,3,20,अ(cid:876)ध(cid:274)ह(cid:547)त,PDF page 1; detected table 1; row 3; column 20,review_required
G022,3f6070e93276f951461b9091ef9e41f6b6ab783c6eba1049d8c7a81be99a8be8,1,1,3,21,अ(cid:876)ध(cid:274)ह(cid:547)त,PDF page 1; detected table 1; row 3; column 21,review_required
G022,3f6070e93276f951461b9091ef9e41f6b6ab783c6eba1049d8c7a81be99a8be8,1,1,3,22,(cid:272)य हेतु,PDF page 1; detected table 1; row 3; column 22,review_required
G022,3f6070e93276f951461b9091ef9e41f6b6ab783c6eba1049d8c7a81be99a8be8,1,1,4,5,"(cid:272)य हेतु कुल
(cid:162)े(cid:287)फल",PDF page 1; detected table 1; row 4; column 5,review_required
G022,3f6070e93276f951461b9091ef9e41f6b6ab783c6eba1049d8c7a81be99a8be8,1,1,4,6,पुन(cid:274)ह(cid:91)ण हेतु कुल (cid:162)े(cid:287)फल,PDF page 1; detected table 1; row 4; column 6,review_required
G022,3f6070e93276f951461b9091ef9e41f6b6ab783c6eba1049d8c7a81be99a8be8,1,1,4,9,"बैनाम(cid:585) क(cid:551)
सं(cid:201)या",PDF page 1; detected table 1; row 4; column 9,review_required
G022,3f6070e93276f951461b9091ef9e41f6b6ab783c6eba1049d8c7a81be99a8be8,1,1,4,10,"(cid:272)य क(cid:551)
गयी भू(cid:871)म",PDF page 1; detected table 1; row 4; column 10,review_required
G022,3f6070e93276f951461b9091ef9e41f6b6ab783c6eba1049d8c7a81be99a8be8,1,1,4,11,"बैनाम(cid:585) क(cid:551)
सं(cid:201)या",PDF page 1; detected table 1; row 4; column 11,review_required
G022,3f6070e93276f951461b9091ef9e41f6b6ab783c6eba1049d8c7a81be99a8be8,1,1,4,12,रकबा (हे0),PDF page 1; detected table 1; row 4; column 12,review_required
G022,3f6070e93276f951461b9091ef9e41f6b6ab783c6eba1049d8c7a81be99a8be8,1,1,4,13,"कृषक(cid:585) को भुगतान
हेतु (cid:292)(cid:232)ता(cid:874)वत",PDF page 1; detected table 1; row 4; column 13,review_required
G022,3f6070e93276f951461b9091ef9e41f6b6ab783c6eba1049d8c7a81be99a8be8,1,1,4,14,"(cid:232)टा(cid:224)प शु(cid:227)क के
(cid:510)प म(cid:581)",PDF page 1; detected table 1; row 4; column 14,review_required
G022,3f6070e93276f951461b9091ef9e41f6b6ab783c6eba1049d8c7a81be99a8be8,1,1,4,15,"(cid:467)नब(cid:219)धन शु(cid:227)क
के (cid:510)प म(cid:581)",PDF page 1; detected table 1; row 4; column 15,review_required
G022,3f6070e93276f951461b9091ef9e41f6b6ab783c6eba1049d8c7a81be99a8be8,1,1,4,16,कुल धनरा(cid:871)श,PDF page 1; detected table 1; row 4; column 16,review_required
G022,3f6070e93276f951461b9091ef9e41f6b6ab783c6eba1049d8c7a81be99a8be8,1,1,4,17,सं(cid:201)या (cid:272)(cid:871)मक,PDF page 1; detected table 1; row 4; column 17,review_required
G022,3f6070e93276f951461b9091ef9e41f6b6ab783c6eba1049d8c7a81be99a8be8,1,1,4,18,"(cid:874)व(cid:467)नमय क(cid:551)
गयी भू(cid:871)म
(हे0 म(cid:581))",PDF page 1; detected table 1; row 4; column 18,review_required
G022,3f6070e93276f951461b9091ef9e41f6b6ab783c6eba1049d8c7a81be99a8be8,1,1,4,19,"सापे(cid:162)
(cid:292)(cid:467)तशत",PDF page 1; detected table 1; row 4; column 19,review_required
G022,3f6070e93276f951461b9091ef9e41f6b6ab783c6eba1049d8c7a81be99a8be8,1,1,4,20,"((cid:272)य+
पुन(cid:274)र्ह(cid:547)त)
कुल (cid:162)े(cid:287)फल",PDF page 1; detected table 1; row 4; column 20,review_required
G022,3f6070e93276f951461b9091ef9e41f6b6ab783c6eba1049d8c7a81be99a8be8,1,1,4,21,"((cid:272)य+
पुन(cid:274)र्ह(cid:547)त)
कुल (cid:292)(cid:467)तशत",PDF page 1; detected table 1; row 4; column 21,review_required
G022,3f6070e93276f951461b9091ef9e41f6b6ab783c6eba1049d8c7a81be99a8be8,1,1,4,22,"अवशषे
(cid:162)े(cid:287)फल (हे0
म(cid:581) (5-12)",PDF page 1; detected table 1; row 4; column 22,review_required
G022,3f6070e93276f951461b9091ef9e41f6b6ab783c6eba1049d8c7a81be99a8be8,1,1,5,6,धारा 117 क(cid:551),PDF page 1; detected table 1; row 5; column 6,review_required
G022,3f6070e93276f951461b9091ef9e41f6b6ab783c6eba1049d8c7a81be99a8be8,1,1,5,7,धारा 132 क(cid:551),PDF page 1; detected table 1; row 5; column 7,review_required
G022,3f6070e93276f951461b9091ef9e41f6b6ab783c6eba1049d8c7a81be99a8be8,1,1,5,8,योग,PDF page 1; detected table 1; row 5; column 8,review_required
G022,3f6070e93276f951461b9091ef9e41f6b6ab783c6eba1049d8c7a81be99a8be8,1,1,6,1,1,PDF page 1; detected table 1; row 6; column 1,review_required
G022,3f6070e93276f951461b9091ef9e41f6b6ab783c6eba1049d8c7a81be99a8be8,1,1,6,2,2,PDF page 1; detected table 1; row 6; column 2,review_required
G022,3f6070e93276f951461b9091ef9e41f6b6ab783c6eba1049d8c7a81be99a8be8,1,1,6,3,3,PDF page 1; detected table 1; row 6; column 3,review_required
G022,3f6070e93276f951461b9091ef9e41f6b6ab783c6eba1049d8c7a81be99a8be8,1,1,6,4,4,PDF page 1; detected table 1; row 6; column 4,review_required
G022,3f6070e93276f951461b9091ef9e41f6b6ab783c6eba1049d8c7a81be99a8be8,1,1,6,5,5,PDF page 1; detected table 1; row 6; column 5,review_required
G022,3f6070e93276f951461b9091ef9e41f6b6ab783c6eba1049d8c7a81be99a8be8,1,1,6,6,भ6ू(cid:871)म,PDF page 1; detected table 1; row 6; column 6,review_required
G022,3f6070e93276f951461b9091ef9e41f6b6ab783c6eba1049d8c7a81be99a8be8,1,1,6,7,"भू(cid:871)म व7 अ(cid:219)य
भू(cid:871)म",PDF page 1; detected table 1; row 6; column 7,review_required
G022,3f6070e93276f951461b9091ef9e41f6b6ab783c6eba1049d8c7a81be99a8be8,1,1,6,8,8,PDF page 1; detected table 1; row 6; column 8,review_required
G022,3f6070e93276f951461b9091ef9e41f6b6ab783c6eba1049d8c7a81be99a8be8,1,1,6,9,9,PDF page 1; detected table 1; row 6; column 9,review_required
G022,3f6070e93276f951461b9091ef9e41f6b6ab783c6eba1049d8c7a81be99a8be8,1,1,6,10,"का1 (cid:162)0 0े
(हे0)",PDF page 1; detected table 1; row 6; column 10,review_required
G022,3f6070e93276f951461b9091ef9e41f6b6ab783c6eba1049d8c7a81be99a8be8,1,1,6,11,11,PDF page 1; detected table 1; row 6; column 11,review_required
G022,3f6070e93276f951461b9091ef9e41f6b6ab783c6eba1049d8c7a81be99a8be8,1,1,6,12,12,PDF page 1; detected table 1; row 6; column 12,review_required
G022,3f6070e93276f951461b9091ef9e41f6b6ab783c6eba1049d8c7a81be99a8be8,1,1,6,13,धन1र3ा(cid:871)श,PDF page 1; detected table 1; row 6; column 13,review_required
G022,3f6070e93276f951461b9091ef9e41f6b6ab783c6eba1049d8c7a81be99a8be8,1,1,6,14,14,PDF page 1; detected table 1; row 6; column 14,review_required
G022,3f6070e93276f951461b9091ef9e41f6b6ab783c6eba1049d8c7a81be99a8be8,1,1,6,15,15,PDF page 1; detected table 1; row 6; column 15,review_required
G022,3f6070e93276f951461b9091ef9e41f6b6ab783c6eba1049d8c7a81be99a8be8,1,1,6,16,16,PDF page 1; detected table 1; row 6; column 16,review_required
G022,3f6070e93276f951461b9091ef9e41f6b6ab783c6eba1049d8c7a81be99a8be8,1,1,6,17,17,PDF page 1; detected table 1; row 6; column 17,review_required
G022,3f6070e93276f951461b9091ef9e41f6b6ab783c6eba1049d8c7a81be99a8be8,1,1,6,18,18,PDF page 1; detected table 1; row 6; column 18,review_required
G022,3f6070e93276f951461b9091ef9e41f6b6ab783c6eba1049d8c7a81be99a8be8,1,1,6,19,19 (ह,PDF page 1; detected table 1; row 6; column 19,review_required
G022,3f6070e93276f951461b9091ef9e41f6b6ab783c6eba1049d8c7a81be99a8be8,1,1,6,20,े0 म(cid:581)) 2 0,PDF page 1; detected table 1; row 6; column 20,review_required
G022,3f6070e93276f951461b9091ef9e41f6b6ab783c6eba1049d8c7a81be99a8be8,1,1,6,21,21,PDF page 1; detected table 1; row 6; column 21,review_required
G022,3f6070e93276f951461b9091ef9e41f6b6ab783c6eba1049d8c7a81be99a8be8,1,1,6,22,22,PDF page 1; detected table 1; row 6; column 22,review_required
G022,3f6070e93276f951461b9091ef9e41f6b6ab783c6eba1049d8c7a81be99a8be8,1,1,7,1,1,PDF page 1; detected table 1; row 7; column 1,review_required
G022,3f6070e93276f951461b9091ef9e41f6b6ab783c6eba1049d8c7a81be99a8be8,1,1,7,2,मेरठ,PDF page 1; detected table 1; row 7; column 2,review_required
G022,3f6070e93276f951461b9091ef9e41f6b6ab783c6eba1049d8c7a81be99a8be8,1,1,7,3,9,PDF page 1; detected table 1; row 7; column 3,review_required
G022,3f6070e93276f951461b9091ef9e41f6b6ab783c6eba1049d8c7a81be99a8be8,1,1,7,4,195.3512,PDF page 1; detected table 1; row 7; column 4,review_required
G022,3f6070e93276f951461b9091ef9e41f6b6ab783c6eba1049d8c7a81be99a8be8,1,1,7,5,181.3092,PDF page 1; detected table 1; row 7; column 5,review_required
G022,3f6070e93276f951461b9091ef9e41f6b6ab783c6eba1049d8c7a81be99a8be8,1,1,7,6,0.1380,PDF page 1; detected table 1; row 7; column 6,review_required
G022,3f6070e93276f951461b9091ef9e41f6b6ab783c6eba1049d8c7a81be99a8be8,1,1,7,7,13.9040,PDF page 1; detected table 1; row 7; column 7,review_required
G022,3f6070e93276f951461b9091ef9e41f6b6ab783c6eba1049d8c7a81be99a8be8,1,1,7,8,14.0420,PDF page 1; detected table 1; row 7; column 8,review_required
G022,3f6070e93276f951461b9091ef9e41f6b6ab783c6eba1049d8c7a81be99a8be8,1,1,7,9,,PDF page 1; detected table 1; row 7; column 9,review_required
G022,3f6070e93276f951461b9091ef9e41f6b6ab783c6eba1049d8c7a81be99a8be8,1,1,7,10,,PDF page 1; detected table 1; row 7; column 10,review_required
G022,3f6070e93276f951461b9091ef9e41f6b6ab783c6eba1049d8c7a81be99a8be8,1,1,7,11,299,PDF page 1; detected table 1; row 7; column 11,review_required
G022,3f6070e93276f951461b9091ef9e41f6b6ab783c6eba1049d8c7a81be99a8be8,1,1,7,12,157.2882,PDF page 1; detected table 1; row 7; column 12,review_required
G022,3f6070e93276f951461b9091ef9e41f6b6ab783c6eba1049d8c7a81be99a8be8,1,1,7,13,4301207054,PDF page 1; detected table 1; row 7; column 13,review_required
G022,3f6070e93276f951461b9091ef9e41f6b6ab783c6eba1049d8c7a81be99a8be8,1,1,7,14,260584940,PDF page 1; detected table 1; row 7; column 14,review_required
G022,3f6070e93276f951461b9091ef9e41f6b6ab783c6eba1049d8c7a81be99a8be8,1,1,7,15,43031361,PDF page 1; detected table 1; row 7; column 15,review_required
G022,3f6070e93276f951461b9091ef9e41f6b6ab783c6eba1049d8c7a81be99a8be8,1,1,7,16,4604823355,PDF page 1; detected table 1; row 7; column 16,review_required
G022,3f6070e93276f951461b9091ef9e41f6b6ab783c6eba1049d8c7a81be99a8be8,1,1,7,17,1092,PDF page 1; detected table 1; row 7; column 17,review_required
G022,3f6070e93276f951461b9091ef9e41f6b6ab783c6eba1049d8c7a81be99a8be8,1,1,7,18,11.7959,PDF page 1; detected table 1; row 7; column 18,review_required
G022,3f6070e93276f951461b9091ef9e41f6b6ab783c6eba1049d8c7a81be99a8be8,1,1,7,19,86.75,PDF page 1; detected table 1; row 7; column 19,review_required
G022,3f6070e93276f951461b9091ef9e41f6b6ab783c6eba1049d8c7a81be99a8be8,1,1,7,20,169.0841,PDF page 1; detected table 1; row 7; column 20,review_required
G022,3f6070e93276f951461b9091ef9e41f6b6ab783c6eba1049d8c7a81be99a8be8,1,1,7,21,86.55,PDF page 1; detected table 1; row 7; column 21,review_required
G022,3f6070e93276f951461b9091ef9e41f6b6ab783c6eba1049d8c7a81be99a8be8,1,1,7,22,24.0210,PDF page 1; detected table 1; row 7; column 22,review_required
G022,3f6070e93276f951461b9091ef9e41f6b6ab783c6eba1049d8c7a81be99a8be8,1,1,8,1,2,PDF page 1; detected table 1; row 8; column 1,review_required
G022,3f6070e93276f951461b9091ef9e41f6b6ab783c6eba1049d8c7a81be99a8be8,1,1,8,2,हापुड़,PDF page 1; detected table 1; row 8; column 2,review_required
G022,3f6070e93276f951461b9091ef9e41f6b6ab783c6eba1049d8c7a81be99a8be8,1,1,8,3,29,PDF page 1; detected table 1; row 8; column 3,review_required
G022,3f6070e93276f951461b9091ef9e41f6b6ab783c6eba1049d8c7a81be99a8be8,1,1,8,4,393.6965,PDF page 1; detected table 1; row 8; column 4,review_required
G022,3f6070e93276f951461b9091ef9e41f6b6ab783c6eba1049d8c7a81be99a8be8,1,1,8,5,372.8033,PDF page 1; detected table 1; row 8; column 5,review_required
G022,3f6070e93276f951461b9091ef9e41f6b6ab783c6eba1049d8c7a81be99a8be8,1,1,8,6,11.3799,PDF page 1; detected table 1; row 8; column 6,review_required
G022,3f6070e93276f951461b9091ef9e41f6b6ab783c6eba1049d8c7a81be99a8be8,1,1,8,7,9.5133,PDF page 1; detected table 1; row 8; column 7,review_required
G022,3f6070e93276f951461b9091ef9e41f6b6ab783c6eba1049d8c7a81be99a8be8,1,1,8,8,20.8932,PDF page 1; detected table 1; row 8; column 8,review_required
G022,3f6070e93276f951461b9091ef9e41f6b6ab783c6eba1049d8c7a81be99a8be8,1,1,8,9,,PDF page 1; detected table 1; row 8; column 9,review_required
G022,3f6070e93276f951461b9091ef9e41f6b6ab783c6eba1049d8c7a81be99a8be8,1,1,8,10,,PDF page 1; detected table 1; row 8; column 10,review_required
G022,3f6070e93276f951461b9091ef9e41f6b6ab783c6eba1049d8c7a81be99a8be8,1,1,8,11,1941,PDF page 1; detected table 1; row 8; column 11,review_required
G022,3f6070e93276f951461b9091ef9e41f6b6ab783c6eba1049d8c7a81be99a8be8,1,1,8,12,339.9982,PDF page 1; detected table 1; row 8; column 12,review_required
G022,3f6070e93276f951461b9091ef9e41f6b6ab783c6eba1049d8c7a81be99a8be8,1,1,8,13,6576277874,PDF page 1; detected table 1; row 8; column 13,review_required
G022,3f6070e93276f951461b9091ef9e41f6b6ab783c6eba1049d8c7a81be99a8be8,1,1,8,14,358571220,PDF page 1; detected table 1; row 8; column 14,review_required
G022,3f6070e93276f951461b9091ef9e41f6b6ab783c6eba1049d8c7a81be99a8be8,1,1,8,15,65763276,PDF page 1; detected table 1; row 8; column 15,review_required
G022,3f6070e93276f951461b9091ef9e41f6b6ab783c6eba1049d8c7a81be99a8be8,1,1,8,16,7000612370,PDF page 1; detected table 1; row 8; column 16,review_required
G022,3f6070e93276f951461b9091ef9e41f6b6ab783c6eba1049d8c7a81be99a8be8,1,1,8,17,3417,PDF page 1; detected table 1; row 8; column 17,review_required
G022,3f6070e93276f951461b9091ef9e41f6b6ab783c6eba1049d8c7a81be99a8be8,1,1,8,18,20.8932,PDF page 1; detected table 1; row 8; column 18,review_required
G022,3f6070e93276f951461b9091ef9e41f6b6ab783c6eba1049d8c7a81be99a8be8,1,1,8,19,91.20,PDF page 1; detected table 1; row 8; column 19,review_required
G022,3f6070e93276f951461b9091ef9e41f6b6ab783c6eba1049d8c7a81be99a8be8,1,1,8,20,360.8914,PDF page 1; detected table 1; row 8; column 20,review_required
G022,3f6070e93276f951461b9091ef9e41f6b6ab783c6eba1049d8c7a81be99a8be8,1,1,8,21,91.67,PDF page 1; detected table 1; row 8; column 21,review_required
G022,3f6070e93276f951461b9091ef9e41f6b6ab783c6eba1049d8c7a81be99a8be8,1,1,8,22,32.8051,PDF page 1; detected table 1; row 8; column 22,review_required
G022,3f6070e93276f951461b9091ef9e41f6b6ab783c6eba1049d8c7a81be99a8be8,1,1,9,1,3,PDF page 1; detected table 1; row 9; column 1,review_required
G022,3f6070e93276f951461b9091ef9e41f6b6ab783c6eba1049d8c7a81be99a8be8,1,1,9,2,बुल(cid:219)दशहर,PDF page 1; detected table 1; row 9; column 2,review_required
G022,3f6070e93276f951461b9091ef9e41f6b6ab783c6eba1049d8c7a81be99a8be8,1,1,9,3,8,PDF page 1; detected table 1; row 9; column 3,review_required
G022,3f6070e93276f951461b9091ef9e41f6b6ab783c6eba1049d8c7a81be99a8be8,1,1,9,4,124.8858,PDF page 1; detected table 1; row 9; column 4,review_required
G022,3f6070e93276f951461b9091ef9e41f6b6ab783c6eba1049d8c7a81be99a8be8,1,1,9,5,116.1028,PDF page 1; detected table 1; row 9; column 5,review_required
G022,3f6070e93276f951461b9091ef9e41f6b6ab783c6eba1049d8c7a81be99a8be8,1,1,9,6,0.8230,PDF page 1; detected table 1; row 9; column 6,review_required
G022,3f6070e93276f951461b9091ef9e41f6b6ab783c6eba1049d8c7a81be99a8be8,1,1,9,7,7.9600,PDF page 1; detected table 1; row 9; column 7,review_required
G022,3f6070e93276f951461b9091ef9e41f6b6ab783c6eba1049d8c7a81be99a8be8,1,1,9,8,8.7830,PDF page 1; detected table 1; row 9; column 8,review_required
G022,3f6070e93276f951461b9091ef9e41f6b6ab783c6eba1049d8c7a81be99a8be8,1,1,9,9,,PDF page 1; detected table 1; row 9; column 9,review_required
G022,3f6070e93276f951461b9091ef9e41f6b6ab783c6eba1049d8c7a81be99a8be8,1,1,9,10,,PDF page 1; detected table 1; row 9; column 10,review_required
G022,3f6070e93276f951461b9091ef9e41f6b6ab783c6eba1049d8c7a81be99a8be8,1,1,9,11,963,PDF page 1; detected table 1; row 9; column 11,review_required
G022,3f6070e93276f951461b9091ef9e41f6b6ab783c6eba1049d8c7a81be99a8be8,1,1,9,12,112.3499,PDF page 1; detected table 1; row 9; column 12,review_required
G022,3f6070e93276f951461b9091ef9e41f6b6ab783c6eba1049d8c7a81be99a8be8,1,1,9,13,1602025230,PDF page 1; detected table 1; row 9; column 13,review_required
G022,3f6070e93276f951461b9091ef9e41f6b6ab783c6eba1049d8c7a81be99a8be8,1,1,9,14,80122900,PDF page 1; detected table 1; row 9; column 14,review_required
G022,3f6070e93276f951461b9091ef9e41f6b6ab783c6eba1049d8c7a81be99a8be8,1,1,9,15,16063550,PDF page 1; detected table 1; row 9; column 15,review_required
G022,3f6070e93276f951461b9091ef9e41f6b6ab783c6eba1049d8c7a81be99a8be8,1,1,9,16,1698211680,PDF page 1; detected table 1; row 9; column 16,review_required
G022,3f6070e93276f951461b9091ef9e41f6b6ab783c6eba1049d8c7a81be99a8be8,1,1,9,17,983,PDF page 1; detected table 1; row 9; column 17,review_required
G022,3f6070e93276f951461b9091ef9e41f6b6ab783c6eba1049d8c7a81be99a8be8,1,1,9,18,4.9690,PDF page 1; detected table 1; row 9; column 18,review_required
G022,3f6070e93276f951461b9091ef9e41f6b6ab783c6eba1049d8c7a81be99a8be8,1,1,9,19,96.77,PDF page 1; detected table 1; row 9; column 19,review_required
G022,3f6070e93276f951461b9091ef9e41f6b6ab783c6eba1049d8c7a81be99a8be8,1,1,9,20,117.3189,PDF page 1; detected table 1; row 9; column 20,review_required
G022,3f6070e93276f951461b9091ef9e41f6b6ab783c6eba1049d8c7a81be99a8be8,1,1,9,21,93.94,PDF page 1; detected table 1; row 9; column 21,review_required
G022,3f6070e93276f951461b9091ef9e41f6b6ab783c6eba1049d8c7a81be99a8be8,1,1,9,22,3.7529,PDF page 1; detected table 1; row 9; column 22,review_required
G022,3f6070e93276f951461b9091ef9e41f6b6ab783c6eba1049d8c7a81be99a8be8,1,1,10,1,4,PDF page 1; detected table 1; row 10; column 1,review_required
G022,3f6070e93276f951461b9091ef9e41f6b6ab783c6eba1049d8c7a81be99a8be8,1,1,10,2,अमरोहा,PDF page 1; detected table 1; row 10; column 2,review_required
G022,3f6070e93276f951461b9091ef9e41f6b6ab783c6eba1049d8c7a81be99a8be8,1,1,10,3,25,PDF page 1; detected table 1; row 10; column 3,review_required
G022,3f6070e93276f951461b9091ef9e41f6b6ab783c6eba1049d8c7a81be99a8be8,1,1,10,4,316.2951,PDF page 1; detected table 1; row 10; column 4,review_required
G022,3f6070e93276f951461b9091ef9e41f6b6ab783c6eba1049d8c7a81be99a8be8,1,1,10,5,277.2717,PDF page 1; detected table 1; row 10; column 5,review_required
G022,3f6070e93276f951461b9091ef9e41f6b6ab783c6eba1049d8c7a81be99a8be8,1,1,10,6,1.8520,PDF page 1; detected table 1; row 10; column 6,review_required
G022,3f6070e93276f951461b9091ef9e41f6b6ab783c6eba1049d8c7a81be99a8be8,1,1,10,7,37.1714,PDF page 1; detected table 1; row 10; column 7,review_required
G022,3f6070e93276f951461b9091ef9e41f6b6ab783c6eba1049d8c7a81be99a8be8,1,1,10,8,39.0234,PDF page 1; detected table 1; row 10; column 8,review_required
G022,3f6070e93276f951461b9091ef9e41f6b6ab783c6eba1049d8c7a81be99a8be8,1,1,10,9,,PDF page 1; detected table 1; row 10; column 9,review_required
G022,3f6070e93276f951461b9091ef9e41f6b6ab783c6eba1049d8c7a81be99a8be8,1,1,10,10,,PDF page 1; detected table 1; row 10; column 10,review_required
G022,3f6070e93276f951461b9091ef9e41f6b6ab783c6eba1049d8c7a81be99a8be8,1,1,10,11,1476,PDF page 1; detected table 1; row 10; column 11,review_required
G022,3f6070e93276f951461b9091ef9e41f6b6ab783c6eba1049d8c7a81be99a8be8,1,1,10,12,269.6175,PDF page 1; detected table 1; row 10; column 12,review_required
G022,3f6070e93276f951461b9091ef9e41f6b6ab783c6eba1049d8c7a81be99a8be8,1,1,10,13,2361849001,PDF page 1; detected table 1; row 10; column 13,review_required
G022,3f6070e93276f951461b9091ef9e41f6b6ab783c6eba1049d8c7a81be99a8be8,1,1,10,14,118177430,PDF page 1; detected table 1; row 10; column 14,review_required
G022,3f6070e93276f951461b9091ef9e41f6b6ab783c6eba1049d8c7a81be99a8be8,1,1,10,15,23690330,PDF page 1; detected table 1; row 10; column 15,review_required
G022,3f6070e93276f951461b9091ef9e41f6b6ab783c6eba1049d8c7a81be99a8be8,1,1,10,16,2503716761,PDF page 1; detected table 1; row 10; column 16,review_required
G022,3f6070e93276f951461b9091ef9e41f6b6ab783c6eba1049d8c7a81be99a8be8,1,1,10,17,3104,PDF page 1; detected table 1; row 10; column 17,review_required
G022,3f6070e93276f951461b9091ef9e41f6b6ab783c6eba1049d8c7a81be99a8be8,1,1,10,18,39.0234,PDF page 1; detected table 1; row 10; column 18,review_required
G022,3f6070e93276f951461b9091ef9e41f6b6ab783c6eba1049d8c7a81be99a8be8,1,1,10,19,97.24,PDF page 1; detected table 1; row 10; column 19,review_required
G022,3f6070e93276f951461b9091ef9e41f6b6ab783c6eba1049d8c7a81be99a8be8,1,1,10,20,308.6409,PDF page 1; detected table 1; row 10; column 20,review_required
G022,3f6070e93276f951461b9091ef9e41f6b6ab783c6eba1049d8c7a81be99a8be8,1,1,10,21,97.58,PDF page 1; detected table 1; row 10; column 21,review_required
G022,3f6070e93276f951461b9091ef9e41f6b6ab783c6eba1049d8c7a81be99a8be8,1,1,10,22,7.6542,PDF page 1; detected table 1; row 10; column 22,review_required
G022,3f6070e93276f951461b9091ef9e41f6b6ab783c6eba1049d8c7a81be99a8be8,1,1,11,1,5,PDF page 1; detected table 1; row 11; column 1,review_required
G022,3f6070e93276f951461b9091ef9e41f6b6ab783c6eba1049d8c7a81be99a8be8,1,1,11,2,स(cid:224)भल,PDF page 1; detected table 1; row 11; column 2,review_required
G022,3f6070e93276f951461b9091ef9e41f6b6ab783c6eba1049d8c7a81be99a8be8,1,1,11,3,31,PDF page 1; detected table 1; row 11; column 3,review_required
G022,3f6070e93276f951461b9091ef9e41f6b6ab783c6eba1049d8c7a81be99a8be8,1,1,11,4,504.4040,PDF page 1; detected table 1; row 11; column 4,review_required
G022,3f6070e93276f951461b9091ef9e41f6b6ab783c6eba1049d8c7a81be99a8be8,1,1,11,5,477.1990,PDF page 1; detected table 1; row 11; column 5,review_required
G022,3f6070e93276f951461b9091ef9e41f6b6ab783c6eba1049d8c7a81be99a8be8,1,1,11,6,16.5250,PDF page 1; detected table 1; row 11; column 6,review_required
G022,3f6070e93276f951461b9091ef9e41f6b6ab783c6eba1049d8c7a81be99a8be8,1,1,11,7,10.6800,PDF page 1; detected table 1; row 11; column 7,review_required
G022,3f6070e93276f951461b9091ef9e41f6b6ab783c6eba1049d8c7a81be99a8be8,1,1,11,8,27.2050,PDF page 1; detected table 1; row 11; column 8,review_required
G022,3f6070e93276f951461b9091ef9e41f6b6ab783c6eba1049d8c7a81be99a8be8,1,1,11,9,,PDF page 1; detected table 1; row 11; column 9,review_required
G022,3f6070e93276f951461b9091ef9e41f6b6ab783c6eba1049d8c7a81be99a8be8,1,1,11,10,,PDF page 1; detected table 1; row 11; column 10,review_required
G022,3f6070e93276f951461b9091ef9e41f6b6ab783c6eba1049d8c7a81be99a8be8,1,1,11,11,4460,PDF page 1; detected table 1; row 11; column 11,review_required
G022,3f6070e93276f951461b9091ef9e41f6b6ab783c6eba1049d8c7a81be99a8be8,1,1,11,12,458.5643,PDF page 1; detected table 1; row 11; column 12,review_required
G022,3f6070e93276f951461b9091ef9e41f6b6ab783c6eba1049d8c7a81be99a8be8,1,1,11,13,5954914341,PDF page 1; detected table 1; row 11; column 13,review_required
G022,3f6070e93276f951461b9091ef9e41f6b6ab783c6eba1049d8c7a81be99a8be8,1,1,11,14,196117610,PDF page 1; detected table 1; row 11; column 14,review_required
G022,3f6070e93276f951461b9091ef9e41f6b6ab783c6eba1049d8c7a81be99a8be8,1,1,11,15,38742810,PDF page 1; detected table 1; row 11; column 15,review_required
G022,3f6070e93276f951461b9091ef9e41f6b6ab783c6eba1049d8c7a81be99a8be8,1,1,11,16,6189774761,PDF page 1; detected table 1; row 11; column 16,review_required
G022,3f6070e93276f951461b9091ef9e41f6b6ab783c6eba1049d8c7a81be99a8be8,1,1,11,17,5140,PDF page 1; detected table 1; row 11; column 17,review_required
G022,3f6070e93276f951461b9091ef9e41f6b6ab783c6eba1049d8c7a81be99a8be8,1,1,11,18,23.8527,PDF page 1; detected table 1; row 11; column 18,review_required
G022,3f6070e93276f951461b9091ef9e41f6b6ab783c6eba1049d8c7a81be99a8be8,1,1,11,19,96.09,PDF page 1; detected table 1; row 11; column 19,review_required
G022,3f6070e93276f951461b9091ef9e41f6b6ab783c6eba1049d8c7a81be99a8be8,1,1,11,20,482.4170,PDF page 1; detected table 1; row 11; column 20,review_required
G022,3f6070e93276f951461b9091ef9e41f6b6ab783c6eba1049d8c7a81be99a8be8,1,1,11,21,95.64,PDF page 1; detected table 1; row 11; column 21,review_required
G022,3f6070e93276f951461b9091ef9e41f6b6ab783c6eba1049d8c7a81be99a8be8,1,1,11,22,18.6347,PDF page 1; detected table 1; row 11; column 22,review_required
G022,3f6070e93276f951461b9091ef9e41f6b6ab783c6eba1049d8c7a81be99a8be8,1,1,12,1,6,PDF page 1; detected table 1; row 12; column 1,review_required
G022,3f6070e93276f951461b9091ef9e41f6b6ab783c6eba1049d8c7a81be99a8be8,1,1,12,2,बदायूँ,PDF page 1; detected table 1; row 12; column 2,review_required
G022,3f6070e93276f951461b9091ef9e41f6b6ab783c6eba1049d8c7a81be99a8be8,1,1,12,3,85,PDF page 1; detected table 1; row 12; column 3,review_required
G022,3f6070e93276f951461b9091ef9e41f6b6ab783c6eba1049d8c7a81be99a8be8,1,1,12,4,1132.5072,PDF page 1; detected table 1; row 12; column 4,review_required
G022,3f6070e93276f951461b9091ef9e41f6b6ab783c6eba1049d8c7a81be99a8be8,1,1,12,5,1059.3538,PDF page 1; detected table 1; row 12; column 5,review_required
G022,3f6070e93276f951461b9091ef9e41f6b6ab783c6eba1049d8c7a81be99a8be8,1,1,12,6,6.4382,PDF page 1; detected table 1; row 12; column 6,review_required
G022,3f6070e93276f951461b9091ef9e41f6b6ab783c6eba1049d8c7a81be99a8be8,1,1,12,7,66.7152,PDF page 1; detected table 1; row 12; column 7,review_required
G022,3f6070e93276f951461b9091ef9e41f6b6ab783c6eba1049d8c7a81be99a8be8,1,1,12,8,73.1534,PDF page 1; detected table 1; row 12; column 8,review_required
G022,3f6070e93276f951461b9091ef9e41f6b6ab783c6eba1049d8c7a81be99a8be8,1,1,12,9,,PDF page 1; detected table 1; row 12; column 9,review_required
G022,3f6070e93276f951461b9091ef9e41f6b6ab783c6eba1049d8c7a81be99a8be8,1,1,12,10,,PDF page 1; detected table 1; row 12; column 10,review_required
G022,3f6070e93276f951461b9091ef9e41f6b6ab783c6eba1049d8c7a81be99a8be8,1,1,12,11,7313,PDF page 1; detected table 1; row 12; column 11,review_required
G022,3f6070e93276f951461b9091ef9e41f6b6ab783c6eba1049d8c7a81be99a8be8,1,1,12,12,1008.7371,PDF page 1; detected table 1; row 12; column 12,review_required
G022,3f6070e93276f951461b9091ef9e41f6b6ab783c6eba1049d8c7a81be99a8be8,1,1,12,13,8593046941,PDF page 1; detected table 1; row 12; column 13,review_required
G022,3f6070e93276f951461b9091ef9e41f6b6ab783c6eba1049d8c7a81be99a8be8,1,1,12,14,429590740,PDF page 1; detected table 1; row 12; column 14,review_required
G022,3f6070e93276f951461b9091ef9e41f6b6ab783c6eba1049d8c7a81be99a8be8,1,1,12,15,86512855,PDF page 1; detected table 1; row 12; column 15,review_required
G022,3f6070e93276f951461b9091ef9e41f6b6ab783c6eba1049d8c7a81be99a8be8,1,1,12,16,9109150536,PDF page 1; detected table 1; row 12; column 16,review_required
G022,3f6070e93276f951461b9091ef9e41f6b6ab783c6eba1049d8c7a81be99a8be8,1,1,12,17,13911,PDF page 1; detected table 1; row 12; column 17,review_required
G022,3f6070e93276f951461b9091ef9e41f6b6ab783c6eba1049d8c7a81be99a8be8,1,1,12,18,55.8682,PDF page 1; detected table 1; row 12; column 18,review_required
G022,3f6070e93276f951461b9091ef9e41f6b6ab783c6eba1049d8c7a81be99a8be8,1,1,12,19,95.22,PDF page 1; detected table 1; row 12; column 19,review_required
G022,3f6070e93276f951461b9091ef9e41f6b6ab783c6eba1049d8c7a81be99a8be8,1,1,12,20,1064.6053,PDF page 1; detected table 1; row 12; column 20,review_required
G022,3f6070e93276f951461b9091ef9e41f6b6ab783c6eba1049d8c7a81be99a8be8,1,1,12,21,94.00,PDF page 1; detected table 1; row 12; column 21,review_required
G022,3f6070e93276f951461b9091ef9e41f6b6ab783c6eba1049d8c7a81be99a8be8,1,1,12,22,50.6167,PDF page 1; detected table 1; row 12; column 22,review_required
G022,3f6070e93276f951461b9091ef9e41f6b6ab783c6eba1049d8c7a81be99a8be8,1,1,13,1,7,PDF page 1; detected table 1; row 13; column 1,review_required
G022,3f6070e93276f951461b9091ef9e41f6b6ab783c6eba1049d8c7a81be99a8be8,1,1,13,2,शाहजहांपुर,PDF page 1; detected table 1; row 13; column 2,review_required
G022,3f6070e93276f951461b9091ef9e41f6b6ab783c6eba1049d8c7a81be99a8be8,1,1,13,3,41,PDF page 1; detected table 1; row 13; column 3,review_required
G022,3f6070e93276f951461b9091ef9e41f6b6ab783c6eba1049d8c7a81be99a8be8,1,1,13,4,519.6987,PDF page 1; detected table 1; row 13; column 4,review_required
G022,3f6070e93276f951461b9091ef9e41f6b6ab783c6eba1049d8c7a81be99a8be8,1,1,13,5,489.5900,PDF page 1; detected table 1; row 13; column 5,review_required
G022,3f6070e93276f951461b9091ef9e41f6b6ab783c6eba1049d8c7a81be99a8be8,1,1,13,6,6.5980,PDF page 1; detected table 1; row 13; column 6,review_required
G022,3f6070e93276f951461b9091ef9e41f6b6ab783c6eba1049d8c7a81be99a8be8,1,1,13,7,23.5077,PDF page 1; detected table 1; row 13; column 7,review_required
G022,3f6070e93276f951461b9091ef9e41f6b6ab783c6eba1049d8c7a81be99a8be8,1,1,13,8,30.1057,PDF page 1; detected table 1; row 13; column 8,review_required
G022,3f6070e93276f951461b9091ef9e41f6b6ab783c6eba1049d8c7a81be99a8be8,1,1,13,9,,PDF page 1; detected table 1; row 13; column 9,review_required
G022,3f6070e93276f951461b9091ef9e41f6b6ab783c6eba1049d8c7a81be99a8be8,1,1,13,10,,PDF page 1; detected table 1; row 13; column 10,review_required
G022,3f6070e93276f951461b9091ef9e41f6b6ab783c6eba1049d8c7a81be99a8be8,1,1,13,11,5445,PDF page 1; detected table 1; row 13; column 11,review_required
G022,3f6070e93276f951461b9091ef9e41f6b6ab783c6eba1049d8c7a81be99a8be8,1,1,13,12,458.4997,PDF page 1; detected table 1; row 13; column 12,review_required
G022,3f6070e93276f951461b9091ef9e41f6b6ab783c6eba1049d8c7a81be99a8be8,1,1,13,13,5347269903,PDF page 1; detected table 1; row 13; column 13,review_required
G022,3f6070e93276f951461b9091ef9e41f6b6ab783c6eba1049d8c7a81be99a8be8,1,1,13,14,150897174,PDF page 1; detected table 1; row 13; column 14,review_required
G022,3f6070e93276f951461b9091ef9e41f6b6ab783c6eba1049d8c7a81be99a8be8,1,1,13,15,38598518,PDF page 1; detected table 1; row 13; column 15,review_required
G022,3f6070e93276f951461b9091ef9e41f6b6ab783c6eba1049d8c7a81be99a8be8,1,1,13,16,5536765595,PDF page 1; detected table 1; row 13; column 16,review_required
G022,3f6070e93276f951461b9091ef9e41f6b6ab783c6eba1049d8c7a81be99a8be8,1,1,13,17,5445,PDF page 1; detected table 1; row 13; column 17,review_required
G022,3f6070e93276f951461b9091ef9e41f6b6ab783c6eba1049d8c7a81be99a8be8,1,1,13,18,26.9569,PDF page 1; detected table 1; row 13; column 18,review_required
G022,3f6070e93276f951461b9091ef9e41f6b6ab783c6eba1049d8c7a81be99a8be8,1,1,13,19,93.65,PDF page 1; detected table 1; row 13; column 19,review_required
G022,3f6070e93276f951461b9091ef9e41f6b6ab783c6eba1049d8c7a81be99a8be8,1,1,13,20,485.4566,PDF page 1; detected table 1; row 13; column 20,review_required
G022,3f6070e93276f951461b9091ef9e41f6b6ab783c6eba1049d8c7a81be99a8be8,1,1,13,21,93.41,PDF page 1; detected table 1; row 13; column 21,review_required
G022,3f6070e93276f951461b9091ef9e41f6b6ab783c6eba1049d8c7a81be99a8be8,1,1,13,22,31.0903,PDF page 1; detected table 1; row 13; column 22,review_required
G022,3f6070e93276f951461b9091ef9e41f6b6ab783c6eba1049d8c7a81be99a8be8,1,1,14,1,8,PDF page 1; detected table 1; row 14; column 1,review_required
G022,3f6070e93276f951461b9091ef9e41f6b6ab783c6eba1049d8c7a81be99a8be8,1,1,14,2,हरदोई,PDF page 1; detected table 1; row 14; column 2,review_required
G022,3f6070e93276f951461b9091ef9e41f6b6ab783c6eba1049d8c7a81be99a8be8,1,1,14,3,88,PDF page 1; detected table 1; row 14; column 3,review_required
G022,3f6070e93276f951461b9091ef9e41f6b6ab783c6eba1049d8c7a81be99a8be8,1,1,14,4,1214.3695,PDF page 1; detected table 1; row 14; column 4,review_required
G022,3f6070e93276f951461b9091ef9e41f6b6ab783c6eba1049d8c7a81be99a8be8,1,1,14,5,1128.4999,PDF page 1; detected table 1; row 14; column 5,review_required
G022,3f6070e93276f951461b9091ef9e41f6b6ab783c6eba1049d8c7a81be99a8be8,1,1,14,6,26.7544,PDF page 1; detected table 1; row 14; column 6,review_required
G022,3f6070e93276f951461b9091ef9e41f6b6ab783c6eba1049d8c7a81be99a8be8,1,1,14,7,59.1152,PDF page 1; detected table 1; row 14; column 7,review_required
G022,3f6070e93276f951461b9091ef9e41f6b6ab783c6eba1049d8c7a81be99a8be8,1,1,14,8,85.8696,PDF page 1; detected table 1; row 14; column 8,review_required
G022,3f6070e93276f951461b9091ef9e41f6b6ab783c6eba1049d8c7a81be99a8be8,1,1,14,9,,PDF page 1; detected table 1; row 14; column 9,review_required
G022,3f6070e93276f951461b9091ef9e41f6b6ab783c6eba1049d8c7a81be99a8be8,1,1,14,10,,PDF page 1; detected table 1; row 14; column 10,review_required
G022,3f6070e93276f951461b9091ef9e41f6b6ab783c6eba1049d8c7a81be99a8be8,1,1,14,11,5602,PDF page 1; detected table 1; row 14; column 11,review_required
G022,3f6070e93276f951461b9091ef9e41f6b6ab783c6eba1049d8c7a81be99a8be8,1,1,14,12,1039.1050,PDF page 1; detected table 1; row 14; column 12,review_required
G022,3f6070e93276f951461b9091ef9e41f6b6ab783c6eba1049d8c7a81be99a8be8,1,1,14,13,8349506122,PDF page 1; detected table 1; row 14; column 13,review_required
G022,3f6070e93276f951461b9091ef9e41f6b6ab783c6eba1049d8c7a81be99a8be8,1,1,14,14,335155550,PDF page 1; detected table 1; row 14; column 14,review_required
G022,3f6070e93276f951461b9091ef9e41f6b6ab783c6eba1049d8c7a81be99a8be8,1,1,14,15,67963030,PDF page 1; detected table 1; row 14; column 15,review_required
G022,3f6070e93276f951461b9091ef9e41f6b6ab783c6eba1049d8c7a81be99a8be8,1,1,14,16,8752624702,PDF page 1; detected table 1; row 14; column 16,review_required
G022,3f6070e93276f951461b9091ef9e41f6b6ab783c6eba1049d8c7a81be99a8be8,1,1,14,17,14236,PDF page 1; detected table 1; row 14; column 17,review_required
G022,3f6070e93276f951461b9091ef9e41f6b6ab783c6eba1049d8c7a81be99a8be8,1,1,14,18,85.8696,PDF page 1; detected table 1; row 14; column 18,review_required
G022,3f6070e93276f951461b9091ef9e41f6b6ab783c6eba1049d8c7a81be99a8be8,1,1,14,19,92.08,PDF page 1; detected table 1; row 14; column 19,review_required
G022,3f6070e93276f951461b9091ef9e41f6b6ab783c6eba1049d8c7a81be99a8be8,1,1,14,20,1124.9746,PDF page 1; detected table 1; row 14; column 20,review_required
G022,3f6070e93276f951461b9091ef9e41f6b6ab783c6eba1049d8c7a81be99a8be8,1,1,14,21,92.64,PDF page 1; detected table 1; row 14; column 21,review_required
G022,3f6070e93276f951461b9091ef9e41f6b6ab783c6eba1049d8c7a81be99a8be8,1,1,14,22,89.3949,PDF page 1; detected table 1; row 14; column 22,review_required
G022,3f6070e93276f951461b9091ef9e41f6b6ab783c6eba1049d8c7a81be99a8be8,1,1,15,1,9,PDF page 1; detected table 1; row 15; column 1,review_required
G022,3f6070e93276f951461b9091ef9e41f6b6ab783c6eba1049d8c7a81be99a8be8,1,1,15,2,उ(cid:219)नाव,PDF page 1; detected table 1; row 15; column 2,review_required
G022,3f6070e93276f951461b9091ef9e41f6b6ab783c6eba1049d8c7a81be99a8be8,1,1,15,3,76,PDF page 1; detected table 1; row 15; column 3,review_required
G022,3f6070e93276f951461b9091ef9e41f6b6ab783c6eba1049d8c7a81be99a8be8,1,1,15,4,1319.8537,PDF page 1; detected table 1; row 15; column 4,review_required
G022,3f6070e93276f951461b9091ef9e41f6b6ab783c6eba1049d8c7a81be99a8be8,1,1,15,5,1082.0506,PDF page 1; detected table 1; row 15; column 5,review_required
G022,3f6070e93276f951461b9091ef9e41f6b6ab783c6eba1049d8c7a81be99a8be8,1,1,15,6,106.5555,PDF page 1; detected table 1; row 15; column 6,review_required
G022,3f6070e93276f951461b9091ef9e41f6b6ab783c6eba1049d8c7a81be99a8be8,1,1,15,7,128.5200,PDF page 1; detected table 1; row 15; column 7,review_required
G022,3f6070e93276f951461b9091ef9e41f6b6ab783c6eba1049d8c7a81be99a8be8,1,1,15,8,235.0755,PDF page 1; detected table 1; row 15; column 8,review_required
G022,3f6070e93276f951461b9091ef9e41f6b6ab783c6eba1049d8c7a81be99a8be8,1,1,15,9,,PDF page 1; detected table 1; row 15; column 9,review_required
G022,3f6070e93276f951461b9091ef9e41f6b6ab783c6eba1049d8c7a81be99a8be8,1,1,15,10,,PDF page 1; detected table 1; row 15; column 10,review_required
G022,3f6070e93276f951461b9091ef9e41f6b6ab783c6eba1049d8c7a81be99a8be8,1,1,15,11,5576,PDF page 1; detected table 1; row 15; column 11,review_required
G022,3f6070e93276f951461b9091ef9e41f6b6ab783c6eba1049d8c7a81be99a8be8,1,1,15,12,988.1855,PDF page 1; detected table 1; row 15; column 12,review_required
G022,3f6070e93276f951461b9091ef9e41f6b6ab783c6eba1049d8c7a81be99a8be8,1,1,15,13,8228106607,PDF page 1; detected table 1; row 15; column 13,review_required
G022,3f6070e93276f951461b9091ef9e41f6b6ab783c6eba1049d8c7a81be99a8be8,1,1,15,14,541161157,PDF page 1; detected table 1; row 15; column 14,review_required
G022,3f6070e93276f951461b9091ef9e41f6b6ab783c6eba1049d8c7a81be99a8be8,1,1,15,15,87780220,PDF page 1; detected table 1; row 15; column 15,review_required
G022,3f6070e93276f951461b9091ef9e41f6b6ab783c6eba1049d8c7a81be99a8be8,1,1,15,16,8857047984,PDF page 1; detected table 1; row 15; column 16,review_required
G022,3f6070e93276f951461b9091ef9e41f6b6ab783c6eba1049d8c7a81be99a8be8,1,1,15,17,13236,PDF page 1; detected table 1; row 15; column 17,review_required
G022,3f6070e93276f951461b9091ef9e41f6b6ab783c6eba1049d8c7a81be99a8be8,1,1,15,18,234.2341,PDF page 1; detected table 1; row 15; column 18,review_required
G022,3f6070e93276f951461b9091ef9e41f6b6ab783c6eba1049d8c7a81be99a8be8,1,1,15,19,91.33,PDF page 1; detected table 1; row 15; column 19,review_required
G022,3f6070e93276f951461b9091ef9e41f6b6ab783c6eba1049d8c7a81be99a8be8,1,1,15,20,1222.4196,PDF page 1; detected table 1; row 15; column 20,review_required
G022,3f6070e93276f951461b9091ef9e41f6b6ab783c6eba1049d8c7a81be99a8be8,1,1,15,21,92.62,PDF page 1; detected table 1; row 15; column 21,review_required
G022,3f6070e93276f951461b9091ef9e41f6b6ab783c6eba1049d8c7a81be99a8be8,1,1,15,22,93.8651,PDF page 1; detected table 1; row 15; column 22,review_required
G022,3f6070e93276f951461b9091ef9e41f6b6ab783c6eba1049d8c7a81be99a8be8,1,1,16,1,10,PDF page 1; detected table 1; row 16; column 1,review_required
G022,3f6070e93276f951461b9091ef9e41f6b6ab783c6eba1049d8c7a81be99a8be8,1,1,16,2,रायबरेल(cid:547),PDF page 1; detected table 1; row 16; column 2,review_required
G022,3f6070e93276f951461b9091ef9e41f6b6ab783c6eba1049d8c7a81be99a8be8,1,1,16,3,63,PDF page 1; detected table 1; row 16; column 3,review_required
G022,3f6070e93276f951461b9091ef9e41f6b6ab783c6eba1049d8c7a81be99a8be8,1,1,16,4,972.4027,PDF page 1; detected table 1; row 16; column 4,review_required
G022,3f6070e93276f951461b9091ef9e41f6b6ab783c6eba1049d8c7a81be99a8be8,1,1,16,5,806.8442,PDF page 1; detected table 1; row 16; column 5,review_required
G022,3f6070e93276f951461b9091ef9e41f6b6ab783c6eba1049d8c7a81be99a8be8,1,1,16,6,56.5855,PDF page 1; detected table 1; row 16; column 6,review_required
G022,3f6070e93276f951461b9091ef9e41f6b6ab783c6eba1049d8c7a81be99a8be8,1,1,16,7,108.9730,PDF page 1; detected table 1; row 16; column 7,review_required
G022,3f6070e93276f951461b9091ef9e41f6b6ab783c6eba1049d8c7a81be99a8be8,1,1,16,8,165.5585,PDF page 1; detected table 1; row 16; column 8,review_required
G022,3f6070e93276f951461b9091ef9e41f6b6ab783c6eba1049d8c7a81be99a8be8,1,1,16,9,,PDF page 1; detected table 1; row 16; column 9,review_required
G022,3f6070e93276f951461b9091ef9e41f6b6ab783c6eba1049d8c7a81be99a8be8,1,1,16,10,,PDF page 1; detected table 1; row 16; column 10,review_required
G022,3f6070e93276f951461b9091ef9e41f6b6ab783c6eba1049d8c7a81be99a8be8,1,1,16,11,4218,PDF page 1; detected table 1; row 16; column 11,review_required
G022,3f6070e93276f951461b9091ef9e41f6b6ab783c6eba1049d8c7a81be99a8be8,1,1,16,12,739.9961,PDF page 1; detected table 1; row 16; column 12,review_required
G022,3f6070e93276f951461b9091ef9e41f6b6ab783c6eba1049d8c7a81be99a8be8,1,1,16,13,6718269789,PDF page 1; detected table 1; row 16; column 13,review_required
G022,3f6070e93276f951461b9091ef9e41f6b6ab783c6eba1049d8c7a81be99a8be8,1,1,16,14,333394200,PDF page 1; detected table 1; row 16; column 14,review_required
G022,3f6070e93276f951461b9091ef9e41f6b6ab783c6eba1049d8c7a81be99a8be8,1,1,16,15,66950949,PDF page 1; detected table 1; row 16; column 15,review_required
G022,3f6070e93276f951461b9091ef9e41f6b6ab783c6eba1049d8c7a81be99a8be8,1,1,16,16,7118614938,PDF page 1; detected table 1; row 16; column 16,review_required
G022,3f6070e93276f951461b9091ef9e41f6b6ab783c6eba1049d8c7a81be99a8be8,1,1,16,17,11896,PDF page 1; detected table 1; row 16; column 17,review_required
G022,3f6070e93276f951461b9091ef9e41f6b6ab783c6eba1049d8c7a81be99a8be8,1,1,16,18,164.5751,PDF page 1; detected table 1; row 16; column 18,review_required
G022,3f6070e93276f951461b9091ef9e41f6b6ab783c6eba1049d8c7a81be99a8be8,1,1,16,19,91.71,PDF page 1; detected table 1; row 16; column 19,review_required
G022,3f6070e93276f951461b9091ef9e41f6b6ab783c6eba1049d8c7a81be99a8be8,1,1,16,20,904.5712,PDF page 1; detected table 1; row 16; column 20,review_required
G022,3f6070e93276f951461b9091ef9e41f6b6ab783c6eba1049d8c7a81be99a8be8,1,1,16,21,93.02,PDF page 1; detected table 1; row 16; column 21,review_required
G022,3f6070e93276f951461b9091ef9e41f6b6ab783c6eba1049d8c7a81be99a8be8,1,1,16,22,66.8481,PDF page 1; detected table 1; row 16; column 22,review_required
G022,3f6070e93276f951461b9091ef9e41f6b6ab783c6eba1049d8c7a81be99a8be8,1,1,17,1,11,PDF page 1; detected table 1; row 17; column 1,review_required
G022,3f6070e93276f951461b9091ef9e41f6b6ab783c6eba1049d8c7a81be99a8be8,1,1,17,2,(cid:292)तापगढ़,PDF page 1; detected table 1; row 17; column 2,review_required
G022,3f6070e93276f951461b9091ef9e41f6b6ab783c6eba1049d8c7a81be99a8be8,1,1,17,3,43,PDF page 1; detected table 1; row 17; column 3,review_required
G022,3f6070e93276f951461b9091ef9e41f6b6ab783c6eba1049d8c7a81be99a8be8,1,1,17,4,472.5640,PDF page 1; detected table 1; row 17; column 4,review_required
G022,3f6070e93276f951461b9091ef9e41f6b6ab783c6eba1049d8c7a81be99a8be8,1,1,17,5,427.6260,PDF page 1; detected table 1; row 17; column 5,review_required
G022,3f6070e93276f951461b9091ef9e41f6b6ab783c6eba1049d8c7a81be99a8be8,1,1,17,6,19.8250,PDF page 1; detected table 1; row 17; column 6,review_required
G022,3f6070e93276f951461b9091ef9e41f6b6ab783c6eba1049d8c7a81be99a8be8,1,1,17,7,25.1130,PDF page 1; detected table 1; row 17; column 7,review_required
G022,3f6070e93276f951461b9091ef9e41f6b6ab783c6eba1049d8c7a81be99a8be8,1,1,17,8,44.9380,PDF page 1; detected table 1; row 17; column 8,review_required
G022,3f6070e93276f951461b9091ef9e41f6b6ab783c6eba1049d8c7a81be99a8be8,1,1,17,9,,PDF page 1; detected table 1; row 17; column 9,review_required
G022,3f6070e93276f951461b9091ef9e41f6b6ab783c6eba1049d8c7a81be99a8be8,1,1,17,10,,PDF page 1; detected table 1; row 17; column 10,review_required
G022,3f6070e93276f951461b9091ef9e41f6b6ab783c6eba1049d8c7a81be99a8be8,1,1,17,11,1632,PDF page 1; detected table 1; row 17; column 11,review_required
G022,3f6070e93276f951461b9091ef9e41f6b6ab783c6eba1049d8c7a81be99a8be8,1,1,17,12,370.7963,PDF page 1; detected table 1; row 17; column 12,review_required
G022,3f6070e93276f951461b9091ef9e41f6b6ab783c6eba1049d8c7a81be99a8be8,1,1,17,13,3872482372,PDF page 1; detected table 1; row 17; column 13,review_required
G022,3f6070e93276f951461b9091ef9e41f6b6ab783c6eba1049d8c7a81be99a8be8,1,1,17,14,202028083,PDF page 1; detected table 1; row 17; column 14,review_required
G022,3f6070e93276f951461b9091ef9e41f6b6ab783c6eba1049d8c7a81be99a8be8,1,1,17,15,40910853,PDF page 1; detected table 1; row 17; column 15,review_required
G022,3f6070e93276f951461b9091ef9e41f6b6ab783c6eba1049d8c7a81be99a8be8,1,1,17,16,4115421308,PDF page 1; detected table 1; row 17; column 16,review_required
G022,3f6070e93276f951461b9091ef9e41f6b6ab783c6eba1049d8c7a81be99a8be8,1,1,17,17,5617,PDF page 1; detected table 1; row 17; column 17,review_required
G022,3f6070e93276f951461b9091ef9e41f6b6ab783c6eba1049d8c7a81be99a8be8,1,1,17,18,44.9380,PDF page 1; detected table 1; row 17; column 18,review_required
G022,3f6070e93276f951461b9091ef9e41f6b6ab783c6eba1049d8c7a81be99a8be8,1,1,17,19,86.71,PDF page 1; detected table 1; row 17; column 19,review_required
G022,3f6070e93276f951461b9091ef9e41f6b6ab783c6eba1049d8c7a81be99a8be8,1,1,17,20,415.7343,PDF page 1; detected table 1; row 17; column 20,review_required
G022,3f6070e93276f951461b9091ef9e41f6b6ab783c6eba1049d8c7a81be99a8be8,1,1,17,21,87.97,PDF page 1; detected table 1; row 17; column 21,review_required
G022,3f6070e93276f951461b9091ef9e41f6b6ab783c6eba1049d8c7a81be99a8be8,1,1,17,22,56.8297,PDF page 1; detected table 1; row 17; column 22,review_required
G022,3f6070e93276f951461b9091ef9e41f6b6ab783c6eba1049d8c7a81be99a8be8,1,1,18,1,12,PDF page 1; detected table 1; row 18; column 1,review_required
G022,3f6070e93276f951461b9091ef9e41f6b6ab783c6eba1049d8c7a81be99a8be8,1,1,18,2,(cid:292)यागराज,PDF page 1; detected table 1; row 18; column 2,review_required
G022,3f6070e93276f951461b9091ef9e41f6b6ab783c6eba1049d8c7a81be99a8be8,1,1,18,3,20,PDF page 1; detected table 1; row 18; column 3,review_required
G022,3f6070e93276f951461b9091ef9e41f6b6ab783c6eba1049d8c7a81be99a8be8,1,1,18,4,208.5479,PDF page 1; detected table 1; row 18; column 4,review_required
G022,3f6070e93276f951461b9091ef9e41f6b6ab783c6eba1049d8c7a81be99a8be8,1,1,18,5,175.7254,PDF page 1; detected table 1; row 18; column 5,review_required
G022,3f6070e93276f951461b9091ef9e41f6b6ab783c6eba1049d8c7a81be99a8be8,1,1,18,6,3.8790,PDF page 1; detected table 1; row 18; column 6,review_required
G022,3f6070e93276f951461b9091ef9e41f6b6ab783c6eba1049d8c7a81be99a8be8,1,1,18,7,28.9435,PDF page 1; detected table 1; row 18; column 7,review_required
G022,3f6070e93276f951461b9091ef9e41f6b6ab783c6eba1049d8c7a81be99a8be8,1,1,18,8,32.8225,PDF page 1; detected table 1; row 18; column 8,review_required
G022,3f6070e93276f951461b9091ef9e41f6b6ab783c6eba1049d8c7a81be99a8be8,1,1,18,9,,PDF page 1; detected table 1; row 18; column 9,review_required
G022,3f6070e93276f951461b9091ef9e41f6b6ab783c6eba1049d8c7a81be99a8be8,1,1,18,10,,PDF page 1; detected table 1; row 18; column 10,review_required
G022,3f6070e93276f951461b9091ef9e41f6b6ab783c6eba1049d8c7a81be99a8be8,1,1,18,11,417,PDF page 1; detected table 1; row 18; column 11,review_required
G022,3f6070e93276f951461b9091ef9e41f6b6ab783c6eba1049d8c7a81be99a8be8,1,1,18,12,168.9828,PDF page 1; detected table 1; row 18; column 12,review_required
G022,3f6070e93276f951461b9091ef9e41f6b6ab783c6eba1049d8c7a81be99a8be8,1,1,18,13,2510157970,PDF page 1; detected table 1; row 18; column 13,review_required
G022,3f6070e93276f951461b9091ef9e41f6b6ab783c6eba1049d8c7a81be99a8be8,1,1,18,14,30570860,PDF page 1; detected table 1; row 18; column 14,review_required
G022,3f6070e93276f951461b9091ef9e41f6b6ab783c6eba1049d8c7a81be99a8be8,1,1,18,15,21228220,PDF page 1; detected table 1; row 18; column 15,review_required
G022,3f6070e93276f951461b9091ef9e41f6b6ab783c6eba1049d8c7a81be99a8be8,1,1,18,16,2561957050,PDF page 1; detected table 1; row 18; column 16,review_required
G022,3f6070e93276f951461b9091ef9e41f6b6ab783c6eba1049d8c7a81be99a8be8,1,1,18,17,3323,PDF page 1; detected table 1; row 18; column 17,review_required
G022,3f6070e93276f951461b9091ef9e41f6b6ab783c6eba1049d8c7a81be99a8be8,1,1,18,18,32.8225,PDF page 1; detected table 1; row 18; column 18,review_required
G022,3f6070e93276f951461b9091ef9e41f6b6ab783c6eba1049d8c7a81be99a8be8,1,1,18,19,96.16,PDF page 1; detected table 1; row 18; column 19,review_required
G022,3f6070e93276f951461b9091ef9e41f6b6ab783c6eba1049d8c7a81be99a8be8,1,1,18,20,201.8053,PDF page 1; detected table 1; row 18; column 20,review_required
G022,3f6070e93276f951461b9091ef9e41f6b6ab783c6eba1049d8c7a81be99a8be8,1,1,18,21,96.77,PDF page 1; detected table 1; row 18; column 21,review_required
G022,3f6070e93276f951461b9091ef9e41f6b6ab783c6eba1049d8c7a81be99a8be8,1,1,18,22,6.7426,PDF page 1; detected table 1; row 18; column 22,review_required
G022,3f6070e93276f951461b9091ef9e41f6b6ab783c6eba1049d8c7a81be99a8be8,1,1,19,1,योग,PDF page 1; detected table 1; row 19; column 1,review_required
G022,3f6070e93276f951461b9091ef9e41f6b6ab783c6eba1049d8c7a81be99a8be8,1,1,19,3,518,PDF page 1; detected table 1; row 19; column 3,review_required
G022,3f6070e93276f951461b9091ef9e41f6b6ab783c6eba1049d8c7a81be99a8be8,1,1,19,4,7374.5763,PDF page 1; detected table 1; row 19; column 4,review_required
G022,3f6070e93276f951461b9091ef9e41f6b6ab783c6eba1049d8c7a81be99a8be8,1,1,19,5,6594.3759,PDF page 1; detected table 1; row 19; column 5,review_required
G022,3f6070e93276f951461b9091ef9e41f6b6ab783c6eba1049d8c7a81be99a8be8,1,1,19,6,257.3535,PDF page 1; detected table 1; row 19; column 6,review_required
G022,3f6070e93276f951461b9091ef9e41f6b6ab783c6eba1049d8c7a81be99a8be8,1,1,19,7,520.1163,PDF page 1; detected table 1; row 19; column 7,review_required
G022,3f6070e93276f951461b9091ef9e41f6b6ab783c6eba1049d8c7a81be99a8be8,1,1,19,8,777.4698,PDF page 1; detected table 1; row 19; column 8,review_required
G022,3f6070e93276f951461b9091ef9e41f6b6ab783c6eba1049d8c7a81be99a8be8,1,1,19,9,0,PDF page 1; detected table 1; row 19; column 9,review_required
G022,3f6070e93276f951461b9091ef9e41f6b6ab783c6eba1049d8c7a81be99a8be8,1,1,19,10,0.0000,PDF page 1; detected table 1; row 19; column 10,review_required
G022,3f6070e93276f951461b9091ef9e41f6b6ab783c6eba1049d8c7a81be99a8be8,1,1,19,11,39342,PDF page 1; detected table 1; row 19; column 11,review_required
G022,3f6070e93276f951461b9091ef9e41f6b6ab783c6eba1049d8c7a81be99a8be8,1,1,19,12,6112.1206,PDF page 1; detected table 1; row 19; column 12,review_required
G022,3f6070e93276f951461b9091ef9e41f6b6ab783c6eba1049d8c7a81be99a8be8,1,1,19,13,64415113204,PDF page 1; detected table 1; row 19; column 13,review_required
G022,3f6070e93276f951461b9091ef9e41f6b6ab783c6eba1049d8c7a81be99a8be8,1,1,19,14,3036371864,PDF page 1; detected table 1; row 19; column 14,review_required
G022,3f6070e93276f951461b9091ef9e41f6b6ab783c6eba1049d8c7a81be99a8be8,1,1,19,15,597235972,PDF page 1; detected table 1; row 19; column 15,review_required
G022,3f6070e93276f951461b9091ef9e41f6b6ab783c6eba1049d8c7a81be99a8be8,1,1,19,16,68048721040,PDF page 1; detected table 1; row 19; column 16,review_required
G022,3f6070e93276f951461b9091ef9e41f6b6ab783c6eba1049d8c7a81be99a8be8,1,1,19,17,81400,PDF page 1; detected table 1; row 19; column 17,review_required
G022,3f6070e93276f951461b9091ef9e41f6b6ab783c6eba1049d8c7a81be99a8be8,1,1,19,18,745.7986,PDF page 1; detected table 1; row 19; column 18,review_required
G022,3f6070e93276f951461b9091ef9e41f6b6ab783c6eba1049d8c7a81be99a8be8,1,1,19,19,92.69,PDF page 1; detected table 1; row 19; column 19,review_required
G022,3f6070e93276f951461b9091ef9e41f6b6ab783c6eba1049d8c7a81be99a8be8,1,1,19,20,6857.9192,PDF page 1; detected table 1; row 19; column 20,review_required
G022,3f6070e93276f951461b9091ef9e41f6b6ab783c6eba1049d8c7a81be99a8be8,1,1,19,21,92.99,PDF page 1; detected table 1; row 19; column 21,review_required
G022,3f6070e93276f951461b9091ef9e41f6b6ab783c6eba1049d8c7a81be99a8be8,1,1,19,22,482.2553,PDF page 1; detected table 1; row 19; column 22,review_required
G022,3f6070e93276f951461b9091ef9e41f6b6ab783c6eba1049d8c7a81be99a8be8,1,1,20,1,,PDF page 1; detected table 1; row 20; column 1,review_required
G022,3f6070e93276f951461b9091ef9e41f6b6ab783c6eba1049d8c7a81be99a8be8,1,1,20,2,,PDF page 1; detected table 1; row 20; column 2,review_required
G022,3f6070e93276f951461b9091ef9e41f6b6ab783c6eba1049d8c7a81be99a8be8,1,1,20,3,,PDF page 1; detected table 1; row 20; column 3,review_required
G022,3f6070e93276f951461b9091ef9e41f6b6ab783c6eba1049d8c7a81be99a8be8,1,1,20,4,,PDF page 1; detected table 1; row 20; column 4,review_required
G022,3f6070e93276f951461b9091ef9e41f6b6ab783c6eba1049d8c7a81be99a8be8,1,1,20,5,,PDF page 1; detected table 1; row 20; column 5,review_required
G022,3f6070e93276f951461b9091ef9e41f6b6ab783c6eba1049d8c7a81be99a8be8,1,1,20,6,,PDF page 1; detected table 1; row 20; column 6,review_required
G022,3f6070e93276f951461b9091ef9e41f6b6ab783c6eba1049d8c7a81be99a8be8,1,1,20,7,,PDF page 1; detected table 1; row 20; column 7,review_required
G022,3f6070e93276f951461b9091ef9e41f6b6ab783c6eba1049d8c7a81be99a8be8,1,1,20,8,,PDF page 1; detected table 1; row 20; column 8,review_required
G022,3f6070e93276f951461b9091ef9e41f6b6ab783c6eba1049d8c7a81be99a8be8,1,1,20,9,,PDF page 1; detected table 1; row 20; column 9,review_required
G022,3f6070e93276f951461b9091ef9e41f6b6ab783c6eba1049d8c7a81be99a8be8,1,1,20,10,,PDF page 1; detected table 1; row 20; column 10,review_required
G022,3f6070e93276f951461b9091ef9e41f6b6ab783c6eba1049d8c7a81be99a8be8,1,1,20,11,,PDF page 1; detected table 1; row 20; column 11,review_required
G022,3f6070e93276f951461b9091ef9e41f6b6ab783c6eba1049d8c7a81be99a8be8,1,1,20,12,,PDF page 1; detected table 1; row 20; column 12,review_required
G022,3f6070e93276f951461b9091ef9e41f6b6ab783c6eba1049d8c7a81be99a8be8,1,1,20,13,,PDF page 1; detected table 1; row 20; column 13,review_required
G022,3f6070e93276f951461b9091ef9e41f6b6ab783c6eba1049d8c7a81be99a8be8,1,1,20,14,,PDF page 1; detected table 1; row 20; column 14,review_required
G022,3f6070e93276f951461b9091ef9e41f6b6ab783c6eba1049d8c7a81be99a8be8,1,1,20,15,,PDF page 1; detected table 1; row 20; column 15,review_required
G022,3f6070e93276f951461b9091ef9e41f6b6ab783c6eba1049d8c7a81be99a8be8,1,1,20,16,,PDF page 1; detected table 1; row 20; column 16,review_required
G022,3f6070e93276f951461b9091ef9e41f6b6ab783c6eba1049d8c7a81be99a8be8,1,1,20,17,,PDF page 1; detected table 1; row 20; column 17,review_required
G022,3f6070e93276f951461b9091ef9e41f6b6ab783c6eba1049d8c7a81be99a8be8,1,1,20,18,,PDF page 1; detected table 1; row 20; column 18,review_required
G022,3f6070e93276f951461b9091ef9e41f6b6ab783c6eba1049d8c7a81be99a8be8,1,1,20,19,,PDF page 1; detected table 1; row 20; column 19,review_required
G022,3f6070e93276f951461b9091ef9e41f6b6ab783c6eba1049d8c7a81be99a8be8,1,1,20,20,,PDF page 1; detected table 1; row 20; column 20,review_required
G022,3f6070e93276f951461b9091ef9e41f6b6ab783c6eba1049d8c7a81be99a8be8,1,1,20,21,,PDF page 1; detected table 1; row 20; column 21,review_required
G022,3f6070e93276f951461b9091ef9e41f6b6ab783c6eba1049d8c7a81be99a8be8,1,1,20,22,,PDF page 1; detected table 1; row 20; column 22,review_required
G022,3f6070e93276f951461b9091ef9e41f6b6ab783c6eba1049d8c7a81be99a8be8,1,1,21,1,,PDF page 1; detected table 1; row 21; column 1,review_required
G022,3f6070e93276f951461b9091ef9e41f6b6ab783c6eba1049d8c7a81be99a8be8,1,1,21,2,,PDF page 1; detected table 1; row 21; column 2,review_required
G022,3f6070e93276f951461b9091ef9e41f6b6ab783c6eba1049d8c7a81be99a8be8,1,1,21,3,,PDF page 1; detected table 1; row 21; column 3,review_required
G022,3f6070e93276f951461b9091ef9e41f6b6ab783c6eba1049d8c7a81be99a8be8,1,1,21,4,,PDF page 1; detected table 1; row 21; column 4,review_required
G022,3f6070e93276f951461b9091ef9e41f6b6ab783c6eba1049d8c7a81be99a8be8,1,1,21,5,,PDF page 1; detected table 1; row 21; column 5,review_required
G022,3f6070e93276f951461b9091ef9e41f6b6ab783c6eba1049d8c7a81be99a8be8,1,1,21,6,,PDF page 1; detected table 1; row 21; column 6,review_required
G022,3f6070e93276f951461b9091ef9e41f6b6ab783c6eba1049d8c7a81be99a8be8,1,1,21,7,,PDF page 1; detected table 1; row 21; column 7,review_required
G022,3f6070e93276f951461b9091ef9e41f6b6ab783c6eba1049d8c7a81be99a8be8,1,1,21,8,,PDF page 1; detected table 1; row 21; column 8,review_required
G022,3f6070e93276f951461b9091ef9e41f6b6ab783c6eba1049d8c7a81be99a8be8,1,1,21,9,,PDF page 1; detected table 1; row 21; column 9,review_required
G022,3f6070e93276f951461b9091ef9e41f6b6ab783c6eba1049d8c7a81be99a8be8,1,1,21,10,,PDF page 1; detected table 1; row 21; column 10,review_required
G022,3f6070e93276f951461b9091ef9e41f6b6ab783c6eba1049d8c7a81be99a8be8,1,1,21,11,,PDF page 1; detected table 1; row 21; column 11,review_required
G022,3f6070e93276f951461b9091ef9e41f6b6ab783c6eba1049d8c7a81be99a8be8,1,1,21,12,,PDF page 1; detected table 1; row 21; column 12,review_required
G022,3f6070e93276f951461b9091ef9e41f6b6ab783c6eba1049d8c7a81be99a8be8,1,1,21,13,,PDF page 1; detected table 1; row 21; column 13,review_required
G022,3f6070e93276f951461b9091ef9e41f6b6ab783c6eba1049d8c7a81be99a8be8,1,1,21,14,,PDF page 1; detected table 1; row 21; column 14,review_required
G022,3f6070e93276f951461b9091ef9e41f6b6ab783c6eba1049d8c7a81be99a8be8,1,1,21,15,,PDF page 1; detected table 1; row 21; column 15,review_required
G022,3f6070e93276f951461b9091ef9e41f6b6ab783c6eba1049d8c7a81be99a8be8,1,1,21,16,,PDF page 1; detected table 1; row 21; column 16,review_required
G022,3f6070e93276f951461b9091ef9e41f6b6ab783c6eba1049d8c7a81be99a8be8,1,1,21,17,,PDF page 1; detected table 1; row 21; column 17,review_required
G022,3f6070e93276f951461b9091ef9e41f6b6ab783c6eba1049d8c7a81be99a8be8,1,1,21,18,,PDF page 1; detected table 1; row 21; column 18,review_required
G022,3f6070e93276f951461b9091ef9e41f6b6ab783c6eba1049d8c7a81be99a8be8,1,1,21,19,,PDF page 1; detected table 1; row 21; column 19,review_required
G022,3f6070e93276f951461b9091ef9e41f6b6ab783c6eba1049d8c7a81be99a8be8,1,1,21,20,,PDF page 1; detected table 1; row 21; column 20,review_required
G022,3f6070e93276f951461b9091ef9e41f6b6ab783c6eba1049d8c7a81be99a8be8,1,1,21,21,,PDF page 1; detected table 1; row 21; column 21,review_required
G022,3f6070e93276f951461b9091ef9e41f6b6ab783c6eba1049d8c7a81be99a8be8,1,1,21,22,,PDF page 1; detected table 1; row 21; column 22,review_required
