page,reference,text
,HTML text segments (DOM order),"Projects classified as Category A, B, or FI ｜ About JICA - JICA
The JICA website uses cookies to improve the service provided.
By closing or continuously browsing this banner, you agree to use the cookies listed in the
privacy policy
.
Close
MENU
Close
JP
EN
FR
ES
Who We Are
What We Do
Where We Work
News＆Publication
Site Contents
FAQ
Contact Us
Social Media Accounts
Site Contents
FAQ
Contact Us
JP
EN
FR
ES
Who We Are
What We Do
Where We Work
News＆Publication
scroll
Top page
About JICA
JICA's policy and plan
Sustainability
Information Disclosure under JICA Guidelines for Environment and Social Considerations (April, 2010) and the Guidelines revised thereafter
Asia
South Asia
Projects classified as Category A, B, or FI
Projects classified as Category A, B, or FI
Language
English
SNS share
X (Twitter)
Facebook
LinkedIn
About JICA
About JICA
President's Desk
President's Activities
Speech Transcripts
TANAKA Akihiko
KITAOKA Shinichi
Basic Information
JICA's Vision
Organization
History
Offices
ODA and JICA
JICA's policy and plan
Sustainability
Human Security
Operational Focus Areas
Sustainable Development Goals (SDGs) and JICA
Directions of JICA’s Development Activities
Organizational approach
Compliance and Anti-corruption
Security Initiatives
Diversity & Inclusion
JICA DX
JICA DX Six Pillars
About JICA DX
JICA DXLab Projects
Co-creation case studies and interviews with JICA digital partners
Announcements
Publications
Q&A
Inquiries
Investor Relations
Investor Information
JICA Social / Sustainability Bond
Issuance Records
Topics
South Asia
(TCP) Technical Cooperation Project
(TCDP) Technical Cooperation for Development Planning
(L) ODA Loans / Private Sector Investment Finance
(GA) Grant Aid
(SDGs-SS) SDGs Business Supporting Surveys
(O) Others
EIA: Environmental Impact Assessment
EPC: Environmental Permit Certificate
RAP: Resettlement Action Plan
IPP: Indigenous Peoples Plan
Please click on “Project Name” to view Past Results of Monitoring.
Country
Project Name
Scheme
Applied Guideline
Category
Report
EIA, EPC, RAP, IPP
Result of Review
Latest Result of Monitoring
Afghanistan
The Project for Capacity Development and Institutional Strengthening of Ministry of Agriculture, Irrigation and Livestock(MAIL)
TCP
2010
B
-
-
-
-
Afghanistan
The Project for Development of Water Supply Facilities in Dehsabz South Area
GA
2010
B
·Outline Desing Report Volume1
·Volume2
-
·
Environmental Review (In Japanese)（PDF/220.8KB)
-
Afghanistan
The Project for Improvement of existing Bamyan Airport
GA
2010
B
·Preparatory survey report on the project for improvement of Bamyan Airport in the Islamic Republic of Afghanistan
-
-
·
Monitoring Result (Apr 2018) (PDF/2.19MB)
Afghanistan
The Project for Rehabilitation and Expansion of Aircraft Parking Aprons at Kabul International Airport
GA
2010
B
·Preparatory survey on the project for rehabilitation and expansion of aircfraft parking aprons at Kabul International Airport in the Islamic Republic of Afghanistan
-
-
·
Monitoring Result (Apr 2018) (PDF/1.68MB)
Afghanistan
The Project for Rehabilitation and Expansion of Aircraft Parking Aprons at Kabul International Airport (Phase2)
GA
2010
B
·Preparatory survey report on the project for rehabilitation and expansion of aircraft parking aprons at Kabul international airport (phase 2) in Islamic Republic of Afghanistan
-
-
·
Monitoring Report (Apr 2018) (PDF/1.68MB)
Afghanistan
The Project for Rehabilitation of Community Infrastructure in Nangarhar
GA
2010
B
-
-
-
-
Afghanistan
The Project for Rehabilitation of Small Irrigation Facilities and Village Accessibility in Dehsabz Area, Kabul Province
GA
2010
B
-
-
-
-
Afghanistan
The Project for Strengthening Security in Kabul International Airport
GA
2010
B
·Preparatory survey report on the project for strengthening security at Kabul international airport in the Islamic Republic of Agfhanistan
-
-
-
Bangladesh
Construction of Dual Gauge Double Line Between Joydebpur-Ishurdi Section Project
L
2010
A
-
·
EIA(Jan.16,2024) (PDF/112.2MB)
·
ECC 2020-2021 (December.25_2024) (PDF/1.4MB)
·
Renewal of ECC 2023-2024 (December.25_2024) (PDF/272KB)
·
Renewal of ECC 2024-2025 (December.25_2024) (PDF/315KB)
·
RAP (December.25_2024) (PDF/13.7MB)
·
RAP Appendix (December.25_2024) (PDF/7.6MB)
·
Environmental Review (English) (PDF/193KB)
·
Environmental Review (Japanese) (PDF/412KB)
-
Bangladesh
Upazila Governance and Development Project (Phase 2)
L
2022
FI
-
-
-
-
Bangladesh
Project for the Formulation of MIDI Master Plan
TCDP
2010
A
·
Environmental and Social Considerations in Detailed Planning Survey (PDF/888KB)
-
-
-
Bangladesh
Araihazar Economic Zone Development Project (Tentative)
L
2010
A
-
·
EIA(June 13, 2018)
·
RAP(June 18, 2018)
-
-
Bangladesh
Chattogram-Cox's Bazar Highway Improvement Project
L
2010
A
·
Draft Final Report(Dec. 22, 2022) (PDF/27.5MB)
·
EIA(Nov. 10, 2022) (PDF/29.8MB)
·
EIAECC(Nov. 10, 2022) (PDF/2.85MB)
·
RAP(Dec. 22, 2022) (PDF/4.56MB)
·
RAP (ANNEX I) (Dec. 22, 2022) (PDF/18.6MB)
·
RAP(Supplementary Report) (Dec. 22, 2022) (PDF/8.18MB)
-
-
Bangladesh
Dhaka Mass Rapid Transit Development Project
L
2010
A
·
Report (Dec. 5, 2011) (PDF/1.09MB)
·
EIA (July 28, 2011) (PDF/3.84MB)
·
EPC (July 28, 2011) (PDF/2.70MB)
·
RAP (July 28, 2011) (PDF/6.87MB)
·
EIA (Supplementary EIA Report for Motijheel to Kamalapur Extension) (Aug. 11, 2021) (PDF/5.37MB)
·
EPC (ECC) (Aug. 11, 2021) (PDF/3.21MB)
·
RAP (RAP-III for MRT Line 6 from Motijheel to Kamalapur) (Aug. 11, 2021) (PDF/3.70MB)
·
Environmental Review (PDF/71.5KB)
-
Bangladesh
Dhaka Mass Rapid Transit Development Project (Line 1)
L
2010
A
·
Draft Final Report of Preparatory Study (Nov. 21, 2018) (PDF/62.2MB)
·
EIA (Nov. 21, 2018) (PDF/28.3MB)
·
ECC (Nov. 21, 2018) (PDF/1.09MB)
·
RAP (Nov. 21, 2018) (PDF/4.21MB)
·
Environmental Review (PDF/226KB)
-
Bangladesh
Dhaka Mass Rapid Transit Development Project (Line 5 Northern Route)
L
2010
A
·
Draft Final Report of Preparatory Survey (Dec. 6, 2017) (PDF/27.9MB)
·
RAP(Dec. 6, 2017) (PDF/6.95MB)
·
EIAMain Report (Dec. 6, 2017) (PDF/12.0MB)
·
EIAAnnex (Dec. 6, 2017) (PDF/14.0MB)
·
ECC (Dec. 6, 2017) (PDF/640KB)
·
RAP Main Report MRT Line 5NR Depot14Mar2023 (PDF/5.4MB)
·
Environmental Review (Japanese) (PDF/358KB)
-
Bangladesh
Jamuna Railway Bridge Construction Project
L
2010
A
-
·
ECC (Dec. 6, 2017) (PDF/1.17MB)
·
EIA(Dec. 6, 2017) (PDF/13.8MB)
·
Environmental Review (PDF/142KB)
-
Bangladesh
Matarbari Port Development Project
L
2010
A
·
Preparatory Survey Volume 1 (Dec. 21, 2018) (PDF/17.3MB)
·
Volume 2 (Dec. 21, 2018) (PDF/22.9MB)
·
Volume 3 (Dec. 21, 2018) (PDF/10.5MB)
·
Volume 4 (Dec. 21, 2018) (PDF/22.5MB)
·
Volume 5 (Dec. 21, 2018) (PDF/18.3MB)
·
Volume 6 (Dec. 21, 2018) (PDF/25.5MB)
·
EIA Main report (Port) (Dec. 26, 2018) (PDF/16.8MB)
·
EIA Appendix (Port) (Dec. 26, 2018) (PDF/15.9MB)
·
EIA Main report (Road) (Dec. 26, 2018) (PDF/23.9MB)
·
EIA Appendix (Road) (Dec. 26, 2018) (PDF/14.5MB)
·
EPC (Port) (Dec. 26, 2018) (PDF/1.88MB)
·
EPC (Road) (Dec. 26, 2018) (PDF/2.89MB)
·
RAP Main report (Port) (Dec. 26, 2018) (PDF/4.52MB)
·
RAP Appendix (Port) (Dec. 26, 2018) (PDF/1.02MB)
·
RAP Main report (Road) (Dec. 26, 2018) (PDF/6.16MB)
·
RAP Appendix (Road) (Dec. 26, 2018) (PDF/1.49MB)
·
Environmental Review(PDF/211KB)
-
Bangladesh
Matarbari Ultra Super Critical Coal-Fired Power Project
L
2010
A
·
Preparatory Survey on Chittagong Area Coal Fired Power Plant Development Project in Bangladesh Final Report on Power Plant / Port / Transmission Line / Access Road / Execution Survey of Natural Condition(Mar. 31, 2015) Book 1 (PDF/16,372KB)
·
Preparatory Survey on Chittagong Area Coal Fired Power Plant Development Project in Bangladesh Final Report on Power Plant / Port / Transmission Line / Access Road / Execution Survey of Natural Condition(Mar. 31, 2015) Book 2 (PDF/6,814KB)
·
Preparatory Survey on Chittagong Area Coal Fired Power Plant Development Project in Bangladesh Final Report on Power Plant / Port / Transmission Line / Access Road / Execution Survey of Natural Condition(Mar. 31, 2015) Book 3 (PDF/35,139KB)
·
EC Access Road (Nov. 19, 2013) (PDF/224KB)
·
EC Access Road (Package 3.3) (Apr. 27, 2020) (PDF/151KB)
·
EC Transmission Lines (Nov. 19, 2013) (PDF/130KB)
·
EIA Access Road (Nov. 19, 2013) (PDF/9.23MB)
·
EIA Access Road (Package 3.3) (Apr. 27, 2020) (PDF/8.80MB)
·
EIA Transmission Lines (Nov. 19, 2013) (PDF/5.19MB)
·
RAPAccess Road (Mar. 8, 2018) (PDF/4.75MB)
·
EIA (Oct. 28, 2013) (PDF/12.2MB)
·
EIA Approval (Oct. 28, 2013) (PDF/679KB)
·
RAP (Sep. 14, 2020) (PDF/3.33MB)
·
RAP (Oct. 28, 2013) (PDF/951KB)
·
EIARural Electrification (MAr. 8, 2021) (PDF/12.1MB)
·
EIATransmission Line (Mar. 8, 2021) (PDF/18.1MB)
·
Environmental Review (PDF/185KB)
·
Environmental Review (English) (PDF/202KB)
·
Environmental Review (Japanese) (PDF/578KB)
-
Bangladesh
Preparatory Survey on Ocean Front Economic Zone Development Project in Bangabandhu Sheikh Mujib Shilpa Nagar
L
2010
A
-
-
-
-
Bangladesh
Sirajganj Combined Cycle Power Plant Project
L
2010
A
-
·
EIA(Nov.22,2016) (PDF/16.6MB)
·
(PDF/103MB)
·
EIA Approval (PDF/610KB)
-
-
Bangladesh
Southern Chattogram Region Water Supply Project
L
2022
A
-
-
-
-
Bangladesh
The Kanchpur, Meghna, and Gumti 2nd Bridges Construction and Existing Bridges Rehabilitation Project (I)
L
2010
A
·
Preparatory survey for Dhaka-Chittagong national highway No.1 bridge construction and rehabilitation project (project name : the Kanchpur, Meghna, Gumti 2nd bridges construction and existing bridges rehabilitation project) : final report (Feb. 27, 2017) (Vol.1)
·
Preparatory survey for Dhaka-Chittagong national highway No.1 bridge construction and rehabilitation project (project name : the Kanchpur, Meghna, Gumti 2nd bridges construction and existing bridges rehabilitation project) : final report (Feb. 27, 2017) (Vol.2)
·
Preparatory survey for Dhaka-Chittagong national highway No.1 bridge construction and rehabilitation project (project name : the Kanchpur, Meghna, Gumti 2nd bridges construction and existing bridges rehabilitation project) : final report (Feb. 27, 2017) (Vol.2)
·
EIA (Nov. 16, 2012) (PDF/3.28MB)
·
ECC (Nov. 16, 2012) (PDF/588KB)
·
RAP (Nov. 16, 2012) (PDF/8.35MB)
·
Environmental Review (PDF/197KB)
-
Bangladesh
SDGs Business Model Formulation Survey with the Private Sector for Establishment of Efficient and Hygienic Waste Storage System
SDGs-SS
2010
B
-
-
-
-
Bangladesh
SDGs Business Model Formulation Survey with the Private Sector for Introduction of Water Recycling Technology for Textile Dyeing Industry
SDGs-SS
2010
B
·
Final Report (In Japanese)（10.6MB）
-
-
-
Bangladesh
Capacity Development Project for Participatory Water Resource Management through Integrated Rural Development
TCP
2010
B
-
-
-
-
Bangladesh
Capacity Development Project for Participatory Water Resources Management through Integrated Rural Development
TCP
2010
B
-
-
-
·
Environmental Monitoring Report (PDF/134KB)
Bangladesh
The Project for Building Disaster Resilience Organization on Comprehensive River Maintenance with Development of Sustainable Riverbank Protection and Institution Technology
TCP
2010
B
-
-
-
-
Bangladesh
Project for Development Study and Capacity Enhancement of Bangladesh Economic Zone Development Plan Authority
TCDP
2010
B
-
-
-
-
Bangladesh
Project for Development of Policy and Guidelines for Transit Oriented Development along Mass Transit Corridors
TCDP
2010
B
-
-
-
-
Bangladesh
The Integrated Energy and Power Master Plan Project
TCDP
2010
B
·
Environmental Social Considerations in Detailed Planning Survey (PDF/1.12MB)
-
-
-
Bangladesh
The Project for Capacity Development of Management for Sustainable Water Related Infrastructure
TCDP
2010
B
-
-
-
-
Bangladesh
The Project for Developing Inclusive City Government for City Corporations
TCDP
2010
B
-
-
-
-
Bangladesh
Bangladesh FSRU Project
L
2010
B
-
-
-
-
Bangladesh
Cross-Border Road Network Improvement Project（Bangladesh）
L
2010
B
-
-
·
Environmental Review
-
Bangladesh
Dhaka Underground Substation Construction Project
L
2010
B
-
-
·
Environmental Review(PDF/143KB)
-
Bangladesh
Dhaka-Chittagong Main Power Grid Strengthening Project
L
2010
B
-
-
·
Environmental Review(PDF/205KB)
-
Bangladesh
Haor Flood Management and Livelihood Improvement Project
L
2010
B
·
Preparatory survey on upper Meghna river basin watershed management improvement project in the People's Republic of Bangladesh : final report (Vol.1)
·
(Vol.2)
-
·
Environmental Review (PDF/68KB)
-
Bangladesh
Hazrat Shahjalal International Airport Expansion Project
L
2010
B
-
·
EIA(Jun. 23, 2020) (PDF/14.3MB)
·
EPC(Jun. 23, 2020) (PDF/239KB)
·
Environmental Review (PDF/315KB)
-
Bangladesh
Inclusive City Governance Project
L
2010
B
-
-
·
Environmental Review (PDF/70KB)
-
Bangladesh
Karnaphuli Water Supply Project (Phase2)
L
2010
B
-
-
·
Environmental Review (PDF/70KB)
-
Bangladesh
Mirsharai Steel Plant Construction Project
L
2010
B
-
·
Mirsharai Steel Plant Construction Project_EIA Report (PDF/22.7MB)
-
-
Bangladesh
National Power Transmission Development Project
L
2010
B
-
-
·
Environmetal Review(PDF/76KB)
-
Bangladesh
Natural Gas Efficiency Project
L
2010
B
·
Preparatory Survey (PDF/5.95KB)
-
·
Environmental Review (PDF/73KB)
-
Bangladesh
Pabna Solar Power Project
L
2022
B
-
-
-
-
Bangladesh
Preparatory Survey for the Construction and Operation of Imported Coal Transshipment Terminal Project in Matarbari Area
L
2010
B
-
-
-
-
Bangladesh
Southern Chattogram Regional Development Project
L
2010
B
-
-
-
-
Bangladesh
Urban Development and City Development Project
L
2010
B
-
-
-
-
Bangladesh
Western Bangladesh Bridges Improvement Project
L
2010
B
-
-
·
Environmental Review (PDF/105KB)
-
Bangladesh
Poverty Reduction Efforts
GA
2010
B
-
-
-
-
Bangladesh
The Project for the Improvement of Fish Landing Center of Bangladesh Fisheries Development Corporation in Cox’s Bazar District
GA
2010
B
·
PREPARATORY SURVEY ON THE PROJECT FOR IMPROVEMENT OF BANGLADESH FISHERIES DEVELOPMENT CORPORATION FISH LANDING CENTER, COX’S BAZAR IN BANGLADESH (PDF/14.9MB)
-
·
Environmental Review (Japanese) (PDF/680KB)
·
Result of Environmental Monitoring (2025Q4) (PDF/112KB)
Bangladesh
The Fourth Primary Education Development Program
GA
2010
B
-
-
-
-
Bangladesh
The Third Primary Education Development Programme
GA
2010
B
-
-
-
-
Bangladesh
Project for Waste Reduction and 3R Promotion Support for Building a Sustainable Society
TCP
2010
B
-
-
-
-
Bangladesh
Disaster Risk Management Enhancement Project
L
2010
FI
·
The Praparatory Survey on the Capacity Enhancement on Disaster Risk Reduction, Emergency Response and Recovery Project in the People's Republic of Bangladesh Final Report (Vol. 1)
·
(Vol. 2)
·
(Vol.3-1)
·
(Vol.3-2)
-
·
Environmental Review (PDF/114KB)
-
Bangladesh
Energy Efficiency and Conservation Promotion Financing Project
L
2010
FI
·
Preparatory Survey(PDF/3.36MB）
-
·
Environmental Review (PDF/136KB)
-
Bangladesh
Energy Efficiency and Conservation Promotion Financing Project (Phase 2)
L
2010
FI
-
-
·
Environmental Review (PDF/202KB)
-
Bangladesh
Food value chain improvement project
L
2010
FI
-
-
-
-
Bangladesh
Foreign Direct Investment Promotion Project
L
2010
FI
·
SAPI Report 01(Feb, 2019)(PDF/11.3MB)
·
SAPI Report 02(Feb, 2019)(PDF/17.8MB)
·
EIA(June13, 2018) (PDF/17.3MB)
·
RAP(June 18, 2018) (PDF/2.37MB)
·
Result of Envionmental and Social consideration review (PDF/251KB)
-
Bangladesh
Green Finance Promotion Project
L
2010
FI
-
-
-
-
Bangladesh
Health and Population Sector Development Program (1)
L
2010
FI
-
-
·
Environmental Review (PDF/96KB)
-
Bangladesh
Maternal, Neonatal and Child Health (MNCH) and Health System Improvement Project
L
2010
FI
·
The preparatory survey on maternal, neonatal, and child health improvement project : health, population and nutrition sector development program : phase 2 : in the People's Republic of Bangladesh : final report
-
·
Environmental Review (PDF/205KB)
-
Bangladesh
Northern Bangladesh Integrated Development Project
L
2010
FI
-
-
·
Environmental Review (PDF/77KB)
-
Bangladesh
Renewable Energy Development Project
L
2010
FI
·
Preparatory Survey (PDF/4.21MB)
-
·
Environmental Review (PDF/68KB)
-
Bangladesh
Small Scale Water Resources Development Project (Phase 2)
L
2010
FI
-
-
·
Environmental Review (PDF/146KB)
-
Bangladesh
Upazila Governance and Development Project
L
2010
FI
·
The Study of the Upazila Governance and Development Project in the People’s Republic of Bangladesh
-
·
Environmental Review (PDF/219KB)
-
Bangladesh
Urban Building Safety Project
L
2010
FI
-
-
·
Environmental Review (PDF/182KB)
-
Bangladesh
The Capacity Development Project in Relation to Ship Recycling Yard and TSDF Development
TCP
2022
B
-
-
-
-
Bangladesh
Foreign Direct Investment Promotion Project (Phase 2)
L
2022
A
-
-
-
-
Bangladesh
Health System Strengthening Project
L
2022
B
-
-
-
-
Bangladesh
Haor Area Resilience and Development Project
L
2022
B
-
·
EIA (BWDB) (Aug.18, 2026) (PDF/17.9MB)
·
Approval Letter (BWDB) (Aug.18, 2026) (PDF/92.7KB)
·
EIA (LGED) (Aug.18, 2026) (PDF/56.6MB)
·
Approval Letter (LGED) (Aug.18, 2026) (PDF/89.2KB)
-
-
Bangladesh
Project for Strengthening Capacity for Realization of Transit Oriented Development (TOD) and Implementing Multi-sectoral Improvement Projects in Dhaka
TCP
2022
B
-
-
-
-
Bangladesh
Project on Comprehensive River Management with Development of Sustainable Riverbank Protection Technology Phase 2
TCP
2022
B
-
-
-
-
Bangladesh
Chattogram Sewerage System Development Project
L
2010
B
·
Preparatory Survey
·
EIA (PDF/36.2MB)
·
EPC (PDF/39KB)
·
ARAP (PDF/8.0MB)
·
Environmental Review (PDF/262KB)
-
Bangladesh
Chattogram-Cox's Bazar Highway Improvement Project (Phase2)
L
2022
A
-
-
-
-
Bhutan
Project for the Formulation of Southern Central Regional Plan
TCDP
2010
B
·
Signed - RD for Southern Central Regional Plan(PDF/5.64MB)
·
Environmental and Social Considerations in Detailed Planning Survey(PDF/208KB)
-
-
-
Bhutan
The Project for Reconstruction of Bridges on Primary National Highway No.1 in Mongar District
GA
2010
B
-
-
·
Environmental Review (Japanese) (PDF/393KB)
·
Result of Environmental Monitoring (2026Q2) (PDF/627KB)
Bhutan
the Project on Power System Master Plan 2040
TCDP
2010
A
·
ESC in Detailed Planning Survey (PDF/1.09MB)
·
RD (PDF/878KB)
-
-
-
Bhutan
Hydro Power Plant Development Project
L
2022
A
-
·
ESIA_Jomori HPP（July,26_2024) (PDF/9.9MB)
·
ESIA_Appendix_Jomori HPP（July,26_2024) (PDF/27.1MB)
·
ESIA_Jomori TL（July,26_2024) (PDF/7.5MB)
·
ESIA_Appendix_Jomori TL（July,26.2024) (PDF/12.6MB)
·
Final ESIA_Jomori (September.30_2024) (PDF/8.0MB)
·
Final ESIA_Druk Bindu-I (September.30_2024) (PDF/8.7MB)
·
Final ESIA_Druk Bindu-II (September.30_2024) (PDF/7.5MB)
·
Final ESIA_Jomori Transmission Line (September.30_2024) (PDF/20.3MB)
·
Final ESIA_Jomori Transmission Line_Additional Information (September.30_2024) (PDF/1.0MB)
·
Final IEE_Druk Bindu Transmission Line (September.30_2024) (PDF/5.0MB)
-
-
Bhutan
Feasibility Survey for road-side slope disaster countermeasure technologies and methods.
SDGs-SS
2010
B
·
final report in japanese
-
-
-
Bhutan
Verification Survey with the Private Sector for Disseminating Japanese Technologies for The small sewerage by energy-saving wastewater treatment technology named Dojo-Joka System
SDGs-SS
2010
B
·
Final Report (In Japanese)
-
·
Environmental Review (In Japanese) (PDF/230KB)
·
Final Report (In Japanese)
Bhutan
Project for Master Plan / Baseline Study of Mining and Mineral Deposits in Bhutan
TCP
2010
B
-
-
-
-
Bhutan
Project for Formulation of Comprehensive Development Plan for Bhutan 2030
TCDP
2010
B
·
RD (PDF/1.25MB)
·
ESC in detailed planning survey (PDF/446KB)
-
-
-
Bhutan
Project for Master Plan Study on Road Slope Management in Bhutan
TCDP
2010
B
-
-
-
-
Bhutan
The Project for Reconstruction of Bridges on Primary National Highway No. 4
GA
2010
B
·
Report in Japanese(Nov. 1, 2016)(PDF/10.3MB)
-
-
-
Bhutan
The Project for Reconstruction of Bridges on Primary National Highway No.1
GA
2010
B
·
Report (Apr. 1, 2015)(PDF/10.9MB)
-
-
-
Bhutan
The Project for the Rehabilitation of Taklai Irrigation System in Sarpang District
GA
2010
B
-
-
-
·
Environmental Monitoring (PDF/539KB)
Bhutan
Eastern Transmission Line and Pooling Station Development Project
L
2022
B
-
-
-
-
India
The Project for Promoting Sustainable Horticulture in Haryana (I)
L
2022
FI
-
-
-
-
India
Mumbai Metro Line 11 Project (I)
L
2022
A
-
·
EIA (Nov.18, 2025) (PDF/4.4MB)
·
EIA Supplementary document (Nov.18, 2025) (PDF/4.9MB)
·
SIA/ RAP (Nov.18, 2025) (PDF/7.0MB)
·
SIA/ RAP Supplementary document (Nov.18, 2025) (PDF/3.6MB)
·
Environmental Review (English) (PDF/439KB)
·
Environmental Review (Japanese) (PDF/510KB)
-
India
Project for the Construction of Mumbai – Ahmedabad High Speed Rail
L
2010
A
·
Joint Feasibility Study for Mumbai-Ahmedabad High Speed Railway Corridor 1 (PDF/5.17MB)
·
Joint Feasibility Study for Mumbai-Ahmedabad High Speed Railway Corridor 2 (PDF/12.9MB)
·
Joint Feasibility Study for Mumbai-Ahmedabad High Speed Railway Corridor 3 (PDF/20.5MB)
·
Joint Feasibility Study for Mumbai-Ahmedabad High Speed Railway Corridor 4 (PDF/26.8MB)
·
Joint Feasibility Study for Mumbai-Ahmedabad High Speed Railway Corridor 5 (PDF/28.7MB)
·
Joint Feasibility Study for Mumbai-Ahmedabad High Speed Railway Corridor 6 (PDF/7.20MB)
·
Joint Feasibility Study for Mumbai-Ahmedabad High Speed Railway Corridor 7 (PDF/14.7MB)
·
Joint Feasibility Study for Mumbai-Ahmedabad High Speed Railway Corridor 8 (PDF/23.7MB)
·
Joint Feasibility Study for Mumbai-Ahmedabad High Speed Railway Corridor 9 (PDF/16.2MB)
·
Joint Feasibility Study for Mumbai-Ahmedabad High Speed Railway Corridor 10 (PDF/9.43MB)
·
RAP(December 23,2021) (PDF/9.05MB)
·
EPC(December 23, 2021) (PDF/422KB)
·
EIAVol. 1 (September 14, 2018) (PDF/11.8MB)
·
EIAVol. 2 (September 14, 2018) (PDF/17.4MB)
·
RAP(September 14, 2018) (PDF/4.80MB)
·
IPP(September 14, 2018) (PDF/4.75MB)
·
(September 14, 2018) (PDF/58.9KB)
·
Environmental Review (English) (PDF/200KB)
·
Environmental Review (Japanese) (PDF/313KB)
·
Environmental Monitoring (July-Sept,2025) (PDF/78.4MB)
India
Project for the National Centre for Medical Device Development, Validation and Skill Training in All India Institute of Medical Sciences Delhi
L
2022
B
-
-
-
-
India
Ahmedabad Metro Rail Project
L
2010
A
-
·
EIA (Nov. 25, 2014) (PDF/16.5MB)
·
SIA (Nov. 25, 2014) (PDF/17.1MB)
·
EPC (Nov. 25, 2014) (PDF/37KB)
·
Environmental Review (PDF/170KB)
-
India
Bengaluru Metro Rail Project (Phase 2)
L
2010
A
-
·
EPC(November. 10, 2020) (PDF/299KB)
·
EIA2A (November. 10, 2020) (PDF/19.6MB)
·
RAP2A (November. 10, 2020) (PDF/6.89MB)
·
EIA2B (November. 10, 2020) (PDF/19.0MB)
·
RAP2B (November. 10, 2020) (PDF/5.32MB)
·
EIAR6 (November. 10, 2020) (PDF/5.13MB)
·
EIAR6 Addendum (November. 10, 2020) (PDF/1.09MB)
·
RAPR6 (November. 10, 2020) (PDF/4.77MB)
·
RAPAll Addendum (November. 10, 2020) (PDF/516KB)
·
Environmental Review (English) (PDF/276KB)
·
Environmental Review (Japanese) (PDF/204KB)
·
Result of Environmental Monitoring (2025Q3) (PDF/1.9MB)
India
Bengaluru Peripheral Ring Road
L
2010
A
-
·
EIA (Nov. 20, 2014) (PDF/15.7MB)
·
RAP(Nov. 5, 2015) (PDF/4.87MB)
-
-
India
Chennai Metro Project (Phase 2)
L
2010
A
-
·
EIA (Nov.21, 2017) (PDF/2.19MB)
·
RAP(Nov. 21, 2017) (PDF/10.9MB)
·
EPC (Nov.21, 2017) (PDF/46.4KB)
·
Environmental Review (I) (English) (PDF/220KB)
·
Environmental Review (II) (English) (PDF/442KB)
·
Environmental Review (I) (Japanese) (PDF/322KB)
·
Environmental Review (II) (Japanese) (PDF/589KB)
·
Result of Monitoring (2026Q1) (PDF/1.2MB)
India
Chennai Peripheral Ring Road Project
L
2010
A
·
Preparatory Survey (in Japanese) (Aug. 28, 2018) (PDF/17.3MB)
·
EIA(Aug. 28, 2018) (PDF/21.7MB)
·
RAP(Aug. 28, 2018) (PDF/77.9MB)
·
EPC(Aug. 28, 2018) (PDF/52.0MB)
·
Environmental Review (English) (PDF/114KB)
·
Environmental Review (Japanese) (PDF/301KB)
·
Result of Monitoring (2025Q4) (PDF/359KB)
India
Delhi Mass Rapid Transport System Project Phase 3
L
2010
A
-
·
EIA(Aug. 23, 2012) (PDF/21.0MB)
·
EPC(Aug. 23, 2012) (PDF/29KB)
·
RAP (Aug. 23, 2012) (PDF/2.46MB)
·
EIA (Mar. 31, 2018) (PDF/2.25MB)
·
SIA (Mar. 31, 2018) (PDF/2.02MB)
·
Environmental Review (PDF/88KB)
·
Result of Monitoring (2023Q2) (PDF/162KB)
India
Delhi Mass Rapid Transport System Project Phase 4
L
2010
A
-
·
Addendum of EIA (Aug 2020) (PDF/2.08MB)
·
Addendum of SIA (Aug 2020) (PDF/1.06MB)
·
EIA(Jun. 18, 2020) (PDF/5.45MB)
·
RAP(Jun. 18, 2020) (PDF/9.49MB)
·
EPC(Jun. 18, 2020) (PDF/425KB)
·
Environmental Review (PDF/261KB)
·
Environmental Review (II) (English) (PDF/424KB)
·
Environmental Review (I) (Japanese) (PDF/252KB)
·
Environmental Review (II) (Japanese) (PDF/737KB)
·
Result of Environmental Monitoring (2025Q3) (PDF/9.0MB)
India
Gurgaon- Bawal Mass Rapid Transit System Project
L
2010
A
-
-
-
-
India
Mumbai Metro Line 3 Project
L
2010
A
-
·
RAPSIA（Mar.4,2021) (PDF/7.80MB)
·
EIAEIA-Part1(Oct. 23, 2020) (PDF/7.64MB)
·
EIAEIA-Part2(Oct. 23, 2020) (PDF/2.56MB)
·
RAPSIA(Jan. 4, 2018) (PDF/6.55MB)
·
EIAEIA(Sep,2012) (PDF/10.3MB)
·
Environmental Review (English) (PDF/183KB)
·
Environmental Review (II) (English) (PDF/175KB)
·
Environmental Review (III) (English) (PDF/239KB)
·
Environmental Review (IV) (English) (PDF/522KB)
·
Environmental Review (V) (English) (PDF/486KB)
·
Result of Monitoring (2025Q3) (PDF/653KB)
India
Mumbai Trans Harbour Link Project
L
2010
A
·
Preparatory Survey_Main 1(PDF/9.46MB)
·
Preparatory Survey_Main 2(PDF/8.42MB)
·
Preparatory Survey_Main 3(PDF/6.10MB)
·
Preparatory Survey_Appendix 1(PDF/9.21MB)
·
Preparatory Survey_Appendix 2(PDF/9.76MB)
·
Preparatory Survey_Appendix 3(PDF/4.92MB)
·
Preparatory Survey_Appendix 4(PDF/10.4MB)
·
EIA(Nov.26, 2015) (PDF/23.0MB)
·
EPC(Nov.26, 2015) (PDF/1.84MB)
·
RAP(Jan.7, 2016) (PDF/22.9MB)
·
Environmental Review (English) (PDF/178KB)
·
Environmental Review (Japanese) (PDF/381KB)
·
Result of Environmental Monitoring (July-December 2025) (PDF/46.2MB)
India
New Dholera international airport development project in the Republic of India
L
2010
A
-
-
-
-
India
North East Road Network Connectivity Improvement Project Phase 5
L
2010
A
·
Preparatory Survey Volume 1 (Feb. 16, 2021) (PDF/15.5MB)
·
Preparatory Survey Volume 2 (Feb. 16, 2021) (PDF/29.3MB)
·
EIA(Aug. 21, 2020) (PDF/13.6MB)
·
EPC(Authorization letter)(Aug. 21, 2020) (PDF/361KB)
·
RAP(Supplemental Social Assessment Report)(Feb. 10, 2021) (PDF/5.02MB)
·
Environmental Review (English) (PDF/280KB)
·
Environmental Review (Japanese) (PDF/417KB)
·
Result of RAP Monitoring (2026Q1) (PDF/647KB)
India
North East Road Network Connectivity Improvement Project (Phase 7)
L
2010
A
-
·
EIA(July 27, 2022) (PDF/14.9MB)
·
EPC(July 27, 2022) (PDF/310KB)
·
RAP(January 6, 2023) (PDF/2.93MB)
-
-
India
North East Road Network Connectivity Improvement Project Phase 2
L
2010
A
·
(Jul. 7, 2017) NH40 (PDF/24.7MB)
·
(Jul. 7, 2017)NH54 BYPASSES (PDF/8.15MB)
·
EIA(Jul. 3, 2017) NH40 (PDF/11.5MB)
·
EIA(Jul. 3, 2017) NH54 BYPASSES (PDF/8.95MB)
·
EPC(Jul. 3, 2017) (PDF/315KB)
·
RAP(Jul. 7, 2017) NH40 (PDF/6.40MB)
·
RAP(Jul. 7, 2017)NH54 BYPASSES (PDF/1.57MB)
·
Environmental Review (Japanese) (PDF/309KB)
·
Result of Environmental Monitoring (2025Q2) (PDF/1.9MB)
India
North East Road Network Connectivity Improvement Project Phase 3
L
2010
A
·
Preparatory Survey (June. 12, 2018) (PDF/12.6MB)
·
EIA(May. 22, 2018) (PDF/4.56MB)
·
RAP(June. 12, 2018) (PDF/1.99MB)
·
EPC(May. 22, 2018) (PDF/32.0KB)
·
Environmental Review (Japanese) (I) (PDF/305 KB)
·
Environmental Review (Japanese) (II) (PDF/584KB)
·
Environmental Review (English) (I) (PDF/127KB)
·
Environmental Review (English) (II) (PDF/382KB)
·
Result of Environmental Monitoring (2026Q1) (PDF/526KB)
India
North East Road Network Connectivity Improvement Project (Phase 4)
L
2010
A
-
·
EPC(Nov.20.2019) (PDF/130KB)
·
EIA(Nov.20.2019) (PDF/4.98MB)
·
RAP(Jan.30.2020) (PDF/4.31MB)
·
Environmental Review (English) (PDF/250KB)
·
Environmental Review (Japanese) (PDF/404KB)
·
Result of Environmental Monitoring (2026Q1) (PDF/610KB)
India
North East Road Network Connectivity Improvement Project Phase 6
L
2010
A
·
Preparatory Survey Part 1 (Dec. 2, 2021) (PDF/31.1MB)
·
Preparatory Survey Part 2(Dec. 2, 2021) (PDF/14.5MB)
·
RAP(Dec.2, 2021) (PDF/8.89MB)
·
EPC(July 5, 2021) (PDF/313KB)
·
EIA(Dec.1,2020) (PDF/16.1MB)
-
-
India
North East Road Network Connectivity Improvement Project Phase 1
L
2010
A
·
Preparatory Survey (Oct. 23, 2015) (PDF/19.7MB)
·
EIA(Nov. 20, 2015) (PDF/7.09MB)
·
EPC(Nov. 20, 2015) (PDF/275KB)
·
RAP(Oct. 23, 2015) (PDF/7.94MB)
·
Environmental Review (PDF/195KB)
·
Environmental Review (Japanese) (PDF/381KB)
·
Result of Environmental Monitoring (2025Q1) (PDF/1.9MB)
India
Patna Metro Rail Project
L
2010
A
·
Draft Final Report_Volume 1(December 20, 2022) (PDF/447KB)
·
Draft Final Report_Volume 2(December 20, 2022) (PDF/20.6MB)
·
Draft Final Report_Volume 3(December 20, 2022) (PDF/16.9MB)
·
Draft Final Report_Appendix 1(December 20, 2022) (PDF/23.3MB)
·
Draft Final Report_Appendix 2(December 20, 2022) (PDF/31.4MB)
·
Draft Final Report_Appendix 3(December 20, 2022) (PDF/21.8MB)
·
EIA(October 31, 2022) (PDF/8.04MB)
·
EPC(October 31, 2022) (PDF/40.0KB)
·
RAP(November 21, 2022) (PDF/7.32MB)
-
-
India
Project for the Construction of Chennai Peripheral Ring Road (Phase 2)
L
2022
A
-
·
EIA(Nov 21, 2022) (PDF/7.68MB)
·
EIA(July 11, 2023) (PDF/4.18MB)
·
RAP.SIA(July.11,2023) (PDF/2.15MB)
-
-
India
Project for the Construction of Turga Pumped Storage
L
2010
A
·
Preparatory Survey(July. 4, 2018) (PDF/27.0MB)
·
EIAEIA 1(July. 4, 2018) (PDF/16.2MB)
·
EIAEIA 2(July. 4, 2018) (PDF/2.01MB)
·
EIAEIA 3(July. 4, 2018) (PDF/1.79MB)
·
EIAEIA 4(July. 4, 2018) (PDF/6.91MB)
·
EPCEPC(Environmental Clearance Certificate) (July. 4, 2018) (PDF/1.99MB)
·
RAPRAP(Abbreviated Resttlement Action Plan) (July. 4, 2018) (PDF/1.33MB)
-
-
India
Rengali Irrigation Project (Phase 2)
L
2010
A
-
·
EIA (Nov. 20, 2014) (PDF/30.3MB)
·
EPC (Nov. 20, 2014) (PDF/10.2MB)
·
RAP (Nov. 20, 2014) (PDF/23.3MB)
·
Environmental Review (English) (PDF/115KB)
·
Environmental Review (Japanese) (PDF/279KB)
·
Result of Environmental Monitoring (2026Q1) (PDF/5.4MB)
India
Project for Upgradation of Environmental Management for Ship Recycling in Alang and Sosiya in Gujarat
L
2010
A
·
Preparatory Survey (July 31, 2017) (PDF/12.6MB)
·
EIA(Nov. 16, 2016) (PDF/63.6MB)
·
EPC(Nov. 16, 2016) (PDF/1.71MB)
-
-
India
Tuticorin Port Outer Harbour Development Project
L
2010
A
-
-
-
-
India
Urban Railway Project in Pune City
L
2010
A
-
-
-
-
India
Feasibility Survey for Holistic Management System of Sewage Treatment Plant with Remote Monitoring Technology in India.
SDGs-SS
2010
B
·
Final Report
-
-
-
India
Feasibility Survey for environmentally friendly toilet in India
SDGs-SS
2010
B
·
final report in Japanese part1
·
final report in Japanese part2
-
-
-
India
Comprehensive Traffic and Transportation Study for the Andhra Pradesh Capital Region Development Authority Jurisdiction
TCDP
2010
B
-
-
-
-
India
The Project for Formulation of Comprehensive Flood Control Master Plan in Urbanized River Basins in Chennai
TCDP
2010
B
-
-
-
-
India
The Study on Development and Management of Land and Water Resources for Sustainable Agriculture in Mizoram
TCDP
2010
B
-
-
-
-
India
Andhra Pradesh Irrigation and Livelihood Improvement Project (Phase 2)
L
2010
B
-
-
-
-
India
Assam Health System Strengthening Project
L
2010
B
-
-
-
-
India
Bengaluru Water Supply and Sewerage Project (Phase 3)
L
2010
B
-
-
-
-
India
Chennai Seawater Desalination Plant Project
L
2010
B
-
·
EIA Part 1 (October. 31, 2018) (PDF/15.3MB)
·
EIA Part 2 (October. 31, 2018) (PDF/1.9MB)
-
·
Result of Monitoring (2024Q2) (PDF/2.9MB)
India
Delhi Water Supply Improvement Project
L
2010
B
-
-
·
Environmental Review (PDF/51KB)
-
India
Guwahati Sewerage Project
L
2010
B
-
-
·
Environmental Review (PDF/32KB)
-
India
Himachal Pradesh Crop Diversification Promotion Project (Phase 2)
L
2010
B
-
-
-
-
India
Imphal Water Supply Improvement Project
L
2010
B
-
-
-
-
India
Madhya Pradesh Rural Water Supply Project
L
2010
B
-
-
-
-
India
Madhya Pradesh Transmission System Modernization Project
L
2010
B
-
-
·
Environmental Review (PDF/160KB)
-
India
Nagaland Medical College Hospital Development Project
L
2010
B
-
-
-
-
India
Nellore Water Supply and Sewerage Project
L
2010
B
-
-
-
-
India
Odisha Transmission System Improvement Project
L
2010
B
-
-
·
Environmental Review (PDF/115KB)
·
Result of Monitoring (2024Q4) (PDF/1.2MB)
India
Preparatory Survey on Next Generation Medical Logistics Centre Project
L
2010
B
-
-
-
-
India
Project for Establishment of Mizoram State Super-Specialty Cancer and Research Centre
L
2010
B
-
-
-
-
India
Project for Pollution Abatement of River Mula-Mutha in Pune
L
2010
B
·
Preparatory Survey
·
Preparatory Survey
-
·
Environmental Review (PDF/94KB)
·
Result of Monitoring (2024Q2) (PDF/216KB)
India
Project for Pollution Abatement of River Nag at Nagpur
L
2010
B
-
-
-
-
India
Rajasthan Hybrid Renewable Energy Project
L
2010
B
-
·
EIA(Sep. 14, 2020) (PDF/19.1MB)
·
EPC(Sep. 14, 2020) (PDF/20.5KB)
-
-
India
Rajasthan Rural Water Supply and Fluorosis Mitigation Project (Nagaur)
L
2010
B
-
-
·
Environmental Review (PDF/48KB)
-
India
Rajasthan Rural Water Supply and Fluorosis Mitigation Project (Phase 2)
L
2010
B
-
-
-
-
India
Rajasthan Water Sector Livelihood Improvement Project
L
2010
B
-
-
·
Environmental Review (PDF/170KB)
-
India
Ranchi Sewerage Project
L
2010
B
-
-
-
-
India
Tamil Nadu Transmission System Improvement Project
L
2010
B
-
-
·
Environmental Review (PDF/46KB)
-
India
Tamil Nadu Urban Health Care Project
L
2010
B
-
-
·
Environmental Review (PDF/172KB)
-
India
The Project for the Setting up of All India Institute of Medical Sciences Madurai
L
2010
B
-
-
-
-
India
Transmission System Strengthening Works in Madhya Pradesh
L
2010
B
-
-
·
Environmental Review (PDF/160KB)
-
India
The Project for Countermeasure Construction for the slope failures on National Highway 55
GA
2010
B
-
-
-
-
India
Capacity Enhancement for Effective Implementation of Forest Policy
L
2010
FI
-
-
-
-
India
Climate Change Management Project
L
2010
FI
-
-
-
-
India
Climate Change Mitigation Project
L
2010
FI
-
-
-
-
India
Himachal Pradesh Forest Ecosystems Management and Livelihoods Improvement Project
L
2010
FI
-
-
-
-
India
Initiative for Horticulture Intensification by Micro Drip Irrigation in Jharkhand
L
2010
FI
-
-
·
Environmental Review (PDF/181KB)
-
India
Micro, Small and Medium Enterprises Energy Saving Project Phase 2
L
2010
FI
-
-
·
Environmental Review (PDF/85KB)
-
India
Micro, Small and Medium Enterprises Energy Saving Project Phase 3
L
2010
FI
-
-
·
Environmental Review (PDF/44KB)
-
India
Mizoram Biodiversity Conservation and Forest Enrichment Project
L
2022
FI
-
-
-
-
India
Nagaland Forest Management Project
L
2010
FI
-
-
·
Environmental Review (PDF/159KB)
-
India
New and Renewable Energy Development Project
L
2010
FI
-
-
·
Environmental Review (PDF/37KB)
-
India
New and Renewable Energy Development Project - Phase 2
L
2010
FI
-
-
·
Environmental Review (PDF/43KB)
-
India
Odisha Forestry Sector Development Project (Phase II)
L
2010
FI
-
-
·
Environmental Review (PDF/231KB)
-
India
PPP Infrastructure Financing Project
L
2010
FI
-
-
·
Environmental Review (PDF/138KB)
-
India
Project for Ecosystem Management in Gujarat
L
2010
FI
-
-
-
-
India
Project for Forest and Biodiversity Conservation for Climate Resilience Enhancement in West Bengal
L
2010
FI
-
-
-
-
India
Project for Sustainable Community Forest Management in Meghalaya
L
2010
FI
-
-
-
-
India
Promotion of small and medium-sized enterprises through impact investment
L
2010
FI
-
-
-
-
India
Rajasthan Afforestation and Biodiversity Conservation Project
L
2022
FI
-
-
-
-
India
Tamil Nadu Biodiversity Conservation and Greening Project phase 2
L
2010
FI
-
-
-
-
India
Telangana Startup and Innovation Ecosystem Strengthening Project
L
2010
FI
-
-
-
-
India
Tripura Sustainable Forest Management Project
L
2010
FI
-
-
-
-
India
Uttarakhand Forest Resource Management Project
L
2010
FI
-
-
·
Environmental Review (PDF/97KB)
-
India
Uttarakhand Integrated Horticulture Development Project
L
2010
FI
-
-
-
-
India
West Bengal Forest and Biodiversity Conservation Project
L
2010
FI
·Preparatory Survey
-
·
Environmental Review (PDF/49KB)
-
India
West Bengal Piped Water Supply Project (District of Purulia)
L
2010
FI
-
-
·
Environmental Review (PDF/48KB)
-
India
Uttarakhand Urban Water Supply Project
L
2022
FI
-
-
-
-
India
Eco Restoration & Biodiversity Conservation Project of Telangana
L
2022
B
-
-
-
-
India
Delhi Mass Rapid Transport System Project (Phase 5A)
L
2022
B
-
·
RAP (Sep.4, 2026) (PDF/2.12MB)
-
-
India
Bengaluru Water Supply Expansion Project
L
2022
B
-
-
-
-
India
Project for Climate Change Resilient Enterprise Growth Acceleration
L
2022
FI
-
-
-
-
India
Sikkim State Mountainous Road Connectivity Improvement Project
L
2022
A
-
-
-
-
India
Jharkhand Participatory Forestry and Capacity Building Project
L
2022
B
-
-
-
-
India
Project for Strengthening Health System in Himachal Pradesh
L
2022
B
-
-
-
-
India
Project for Strengthening Tertiary Healthcare Delivery, Medical Education System and Nursing Education System in Maharashtra (I)
L
2022
B
-
-
·
Environmental Review (English) (PDF/449KB)
·
Environmental Review (Japanese) (PDF/444KB)
-
India
Hogenakkal Water Supply and Fluorosis Mitigation Project（Phase 3）
L
2022
B
-
·
EIA(Jul.24_2025) (PDF/51.7MB)
-
-
India
Assam State Aquaculture Promotion and Livelihood Improvement Project
L
2022
FI
-
-
-
-
India
Project for Station Area Development along Mumbai-Ahmedabad High Speed Rail Project
TCP
2010
B
-
-
·
Environmental Review
-
India
Project for Climate Change Response and Ecosystem Services Enhancement in Rajasthan
L
2010
FI
-
-
·
Result of Review (PDF/438KB)
-
India
Bengaluru Metro Rail Project（Phase3）（I）
L
2022
A
-
·
EIA (Nov.21, 2025) (PDF/25.5MB)
·
EPC (Jan.29, 2026) (PDF/56.0KB)
·
RAP (Jan.29, 2026) (PDF/13.5MB)
·
Approval Letter (Jan.29, 2026) (PDF/176KB)
·
GESIAP (Jan.29, 2026) (PDF/2.75MB)
·
Environmental Review (English) (PDF/496KB)
·
Environmental Review (Japanese) (PDF/614KB)
-
India
Project for Developing a Roadmap towards Low-Carbonization/Decarbonization of the Electric Power Sector
TCDP
2022
B
-
-
-
-
India
Delhi Mass Rapid Transport System Project (Phase 4 Additional Corridors)
L
2022
A
-
·
AuthorizationbyDMRC (PDF/235KB)
·
EIA(Nov.26_2024) (PDF/15.2MB)
·
EIA Annexures(Nov.26_2024) (PDF/40.4MB)
·
SIA(Nov.26_2024) (PDF/9.1MB)
-
-
Maldives
Feasibility Survey for Solid Waste Disposal System with Thermal Decomposition Furnace
SDGs-SS
2010
B
·
final report in japanese
-
-
-
Maldives
The Project for Building Climate Resilient Safer Islands in the Maldives
TCP
2010
B
·
DETAILED PLANNING SURVEY REPORT_Ch1-5(Jan, 2023) (PDF/22.4MB)
·
DETAILED PLANNING SURVEY REPORT_Ch 6-10(Jan, 2023) (PDF/5.45MB)
-
·
Environmental Review (in Japanese)(PDF/0.39MB)
-
Maldives
Project for the Formulation of Master Plan for Sustainable Fisheries
TCDP
2010
B
·
R/D (PDF/348KB)
·
ESC in Detailed Planning Survey (PDF/665KB)
-
-
-
Maldives
COVID-19 Crisis Response Emergency Support Loan
L
2010
B
-
-
-
-
Maldives
Digital Terrestrial Television Broadcasting Network Development Project
GA
2010
B
-
-
-
-
Maldives
The Project for Disaster Resilience Enhancement in the Malé Island
GA
2022
B
-
·
EIA (Nov.20, 2025) (PDF/125.2MB)
·
EPC (Nov.20, 2025) (PDF/856KB)
·
Environmental Review (Japanese) (PDF/550KB)
-
Maldives
Building Climate Resilient Safer Islands in the Maldives
O
2010
B
·
Environmental and Social Management Framework (PDF/2.26MB)
·
Stakeholder Engagement Plan (PDF/824KB)
·
DETAILED PLANNING SURVEY REPORT_Ch1-5 (Jan, 2023) (PDF/22.4MB)
·
DETAILED PLANNING SURVEY REPORT_Ch 6-10 (Jan, 2023) (PDF/5.45MB)
-
·
Environmental Review (in Japanese) (PDF/283KB)
-
Maldives
Tourism Sector Support Project
L
2010
FI
-
-
·
Environmental Review (English)（PDF/167 KB）
·
Environmental Review (Japanese)（PDF/254 KB）
-
Maldives
Preparatory Survey for the Project for the Improvement of Public Ferry Service
GA
2022
B
-
-
-
-
Nepal
Project for Capacity Development on Flood Control for Disaster Risk Reduction in Sunsari and Morang Districts
TCP
2010
B
·
Environmental and Social Considerations(July 28, 2023) (PDF/2.71MB)
-
-
-
Nepal
Project for the Improvement of Suryabinayak−Dhulikhel Road
L
2010
A
·
Preparatory Survey (October. 19, 2018)(PDF/34.8 MB)
·
EIA(October. 19, 2018) (PDF/51.2MB)
·
EPC(October. 19, 2018) (PDF/444KB)
·
RAP(Nov. 20, 2018) (PDF/3.41MB)
-
-
Nepal
Feasibility Survey for Mitsumata Production in Nepal
SDGs-SS
2010
B
·
final report in japanese
-
-
-
Nepal
Terai River Basin Flood Risk Management Project
TCP
2010
B
-
-
-
-
Nepal
Project for Development of Master Plan for Wastewater Management in Pokhara Metropolitan City
TCDP
2010
B
·
Detailed Planning Survey (PDF/1.09MB)
·
Final Report (November. 29, 2024)
·
Appendix (November. 29, 2024)
-
-
-
Nepal
Project on Integrated Power System Development Plan in Nepal
TCDP
2010
B
·
Minutes of Meetings (PDF/1.06MB)
·
Environmental and Social Considerations Detailed Planning (PDF/820KB)
-
-
-
Nepal
Project on Kathmandu Valley Urban Transport System Master Plan
TCDP
2022
B
·
Environmental and Social Considerations in Detailed Planning Survey (PDF/1.3MB)
·
RD (PDF/9.4MB)
-
-
-
Nepal
The Project on Rehabilitation and Recovery from Nepal Earthquake
TCDP
2010
B
-
-
-
·
Monitoring Result (PDF/356KB)
Nepal
The Project on Urban Transport Improvement for Kathmandu Valley
TCDP
2010
B
-
-
-
-
Nepal
Kathmandu Valley Water Supply Improvement Project
L
2010
B
-
-
-
-
Nepal
Nagdhunga Tunnel Construction Project
L
2010
B
·
Preparatory Survey
·
EIA (PDF/4.9MB)
·
RAP(Nov. 2014) (PDF/1.0MB)
·
RAP(Dec. 2018) (PDF/15.7MB)
·
IEE 1 (Aug.5, 2026) (PDF/90.1MB)
·
IEE 2 (Aug.5, 2026) (PDF/52.5MB)
·
Environmental Review (PDF/107KB)
·
Environmental Review (Japanese) (PDF/250KB)
·
Result of Environmental Monitoring (2026Q1) (PDF/381KB)
Nepal
Preparatory Survey for the Improvement of Tribhuvan International Airport Project
L
2010
B
-
-
-
-
Nepal
Koteshwor Intersection Improvement Project
L
2010
B
·
JICA Report Vol.1 (PDF/28.6MB)
·
JICA Report Vol.2 (PDF/31.7MB)
·
JICA Report Vol.3 (PDF/27.7MB)
·
JICA Report Vol.4 (PDF/20.0MB)
·
IEE (Nov.26, 2025) (PDF/35.1MB)
·
Environmental Review (Japanese)(PDF/427KB)
-
Nepal
The Project for the Rehabilitation of Irrigation System in Eastern Terai Area
GA
2010
B
-
-
·
Environmental Review (Japanese) (PDF/285KB)
·
Result of Environmental Monitoring (2025Q4) (PDF/266KB)
Nepal
The Project for Improvement of Water Supply in Pokhara
GA
2010
B
·
Preparatory Survey（PDF/7.34MB）
·
Appendix 1（PDF/6.15MB）
·
Appendix 2（PDF/8.71MB）
·
EIA (PDF/12.6MB)
·
EPC (PDF/62KB)
·
RAP (June.9, 2025) (PDF/2.95MB)
·
Environmental Review (In Japanese)（PDF/294.7KB）
·
Result of Monitoring (2024Q2) (PDF/1.7MB)
Nepal
The Project for the Improvement of Dhulikhel Hospital Trauma and Emergency Center
GA
2010
B
·
JICA Report (PDF/28.5 MB)
·
EIA (Jan.8, 2026) (PDF/120MB)
·
RAP (Jan.8, 2026) (PDF/3.19MB)
·
Environmental Review (Japanese) (PDF/412KB)
·
Result of Environmental Monitoring (2026Q3) (PDF/1.1MB)
Nepal
The Project for Improvement of Aviation Safety Facilities in Major Airports
GA
2010
B
·
Preparatory survey report on the project for improvement of aviation safety facilities in major airports in the federal democratic Republic of Nepal
-
-
-
Nepal
The Project for the Improvement of Water Supply in Biratnagar
GA
2010
B
-
·
IEE(May.15, 2025) (PDF/27.8MB)
·
Environmental Review (Japanese) (PDF/364KB)
·
Result of Monitoring (2026Q1) (PDF/223KB)
Nepal
The Project for Micro-Hydropower Improvement in Western Area
GA
2010
B
-
-
·
Apr-14 (Japanese) (PDF)
-
Nepal
The Project for the Sindhuli Road Earthquake Rehabilitation
GA
2010
B
-
-
-
-
Nepal
Education Sector Emergency Reconstruction Project
L
2010
FI
-
-
-
-
Nepal
Housing Emergency Recovery Project
L
2010
FI
-
-
-
-
Nepal
Impact Investment Promotion Project
L
2022
FI
-
-
-
-
Nepal
Urban Transmission and Distribution System Improvement Project
L
2010
FI
-
-
-
-
Nepal
The Program for Rehabilitation and Recovery from Nepal Earthquake
GA
2010
FI
-
-
-
-
Nepal
The Project for Formulation of Landslide Disaster Risk Reduction Plan
TCDP
2022
B
-
-
-
-
Nepal
The Programme for Emergency Rehabilitation of Sindhuli Road Affected by Flood
GA
2022
B
-
-
·
Environmental Review (Japanese)(PDF/422KB)
-
Nepal
Upper Arun Hydropower Project
L
2022
A
-
-
-
-
Pakistan
Thar Coal Fired Thermal Power Plant Construction Project
L
2010
A
-
-
-
-
Pakistan
Transmission System Network Reinforcement Project in Islamabad and Burhan(New In/out Line to Islamabad University Substation)
L
2010
A
-
-
-
-
Pakistan
Technical support project to review and update National Disaster Management Plan（NDMP）
TCDP
2010
B
-
-
·
Environmental Review (PDF/420KB)
-
Pakistan
Project for Integrated Solid Waste Management Master Plan in Gujranwala
TCDP
2010
B
·
R/D(Feb.20,2013) (PDF/878KB)
·
(in Japanese) Environmental and Social Considerations in Detailed Planning Survey (PDF/317KB)
·
GE JR15150 ISWM_Supporting 07(Nov,2015) (PDF/3.04MB)
-
-
-
Pakistan
The Project for Water Supply, Swerage and Drainage Master Plan of Faisalabad
TCDP
2010
B
·
R/D (PDF/1.73MB)
·
Environmental and Social Considerations in Detailed Planning Stage (PDF/678KB)
-
-
-
Pakistan
The Project for the Study of Upgrading National Power System Expansion Plan
TCDP
2010
B
·
Environmental and Social Considerations in Detailed Planning Survey (Word/1,021KB)
·
Minutes of Meeting (PDF/728KB)
-
-
-
Pakistan
Energy Sector Reform Program
L
2010
B
-
-
-
-
Pakistan
Energy Sector Reform Progtam (II)
L
2010
B
-
-
-
-
Pakistan
Khyber Pakhtunkhwa Rural Roads Improvement and Rehabilitation Project
L
2010
B
-
-
-
-
Pakistan
Transmission System Network Reinforcement Project in Islamabad and Burhan (Tarbela-Burhan-Islamabad Peshawar Road Substation)
L
2010
B
-
-
-
-
Pakistan
The Project for Flood Management Enhancement in the Indus Basin
GA
2022
B
-
-
-
-
Pakistan
The Project for the Improvement of Water Treatment Plant and Water Distribution System in Faisalabad
GA
2010
B
-
-
·
Environmental Review (Japanese) (PDF/425KB)
·
Result of Monitoring (2025Q1) (PDF/158KB)
Pakistan
Flood Damaged Road Rehabilitation Project
L
2010
FI
-
-
-
-
Pakistan
The Project for Water Supply, Sewerage and Drainage Master Plan in Islamabad
TCDP
2022
B
-
-
-
-
Pakistan
Water Supply Improvement Project in Faisalabad
L
2022
B
-
-
-
-
Pakistan
The Project for Haripur City Water Supply Improvement
GA
2022
B
-
-
-
-
Pakistan
The Project for Flood Protection and Dike Improvement on Indus River in Sindh Province
GA
2022
B
-
·
IEE (May.13, 2026) (PDF/15.0MB)
·
RAP (May.13, 2026) (PDF/6.57MB)
-
-
Sri Lanka
Container Terminals for Colombo South Harbor Development Project
L
2010
A
-
-
-
-
Sri Lanka
Moragahakanda Development Project
L
2010
A
·
EPC (Oct. 1, 2010) (PDF/935KB)
·
EIA (Oct. 1, 2010) (PDF/80.1MB)
·
RAP (Oct. 1, 2010) (PDF/36.5MB)
·TBA
-
Sri Lanka
New Bridge Construction Project over the Kelani River
L
2010
A
·-Preparatory Survey Volume 1:Cover～5
·-Volume 1: 5～14
·-Volume 1: Appendix ; 1～4
·-Volume 1: Appendix ; 4～9
·-Volume 2: Cover～Plan
·-Volume 2: Profile～Substructure General Drawing
·-Volume 3: Cover～Vol.I
·-Volume 3: Vol.II
·-Volume 3: Vol.II
·-Volume 4: Cover～Appendix2
·-Volume 4: Appendix ; 2～3
·-Volume 4: Appendix 4～5
·-Volume 4: Appendix 5
·-Volume 4: Appendix 5
·-Volume 4: Appendix ; 5～10.2
·
EIA (Nov. 1, 2013) (PDF/29.2MB)
·
RAP(PDF/7.64MB) (PDF/7.64MB)
·
Ex-Ante Evaluation (PDF/43.44KB)
-
Sri Lanka
Project for Establishment of New Light Rail Transit System in Colombo
L
2010
A
·
Preparatory survey on the project for establishment of new light rail transit system in Colombo final reprot (May. 31, 2018)
·
RAPJuly. 24, 2018 (PDF/5.84MB)
·
EPCJuly. 25, 2018 (PDF/8.04MB)
·
EIAJuly. 25, 2018 (PDF/54.1MB)
·
EIA(ADDENDUM) July. 25, 2018 (PDF/6.81MB)
·
Environmental Review (PDF/144KB)
·
Latest Monitoring Report (December 2019) (PDF/236KB)
Sri Lanka
Traffic Improvement Project around New Kelani Bridge
L
2010
A
-
-
-
-
Sri Lanka
Feasibility Survey for Environmental Protective Slope Protection Technology Using GEOFIBER Method (Continuous Fiber Reinforced Soil Method)
SDGs-SS
2010
B
·
Final Report (in Japanese)(PDF/5.46MB)
-
-
-
Sri Lanka
Feasibility Survey for Incineration Treatment of Medical Wastes in Sri Lanka
SDGs-SS
2010
B
·
Final Report (in Japanese)(PDF/6.53MB)
-
-
-
Sri Lanka
Feasibility Survey for Introducing Self-treatment Type Flush Bio-toilet by Utilizing Oyster Shell
SDGs-SS
2010
B
·
final report in japanese
-
-
-
Sri Lanka
Feasibility Survey for manufacturing and development engineer personnel training program in the industrial education sector.
SDGs-SS
2010
B
·
final report in japanese
-
-
-
Sri Lanka
Verification Survey with the Private Sector for Disseminating Japanese Technologies for Municipal Solid Waste Material Recovery Facility
SDGs-SS
2010
B
·
Final Report (In Japanese)
-
·
Environmental Review (In Japanese) (PDF/169KB)
·
Final Report (In Japanese)
Sri Lanka
Verification Survey with the Private Sector for Disseminating Japanese Technologies for Pre-stressed Concrete Tanks for Water Supply and Sewage Treatment Systems in Sri Lanka
SDGs-SS
2010
B
·
Final Report (In Japanese) (PDF/16.6MB)
-
·
·Environmental Review(Japanese) (PDF/142KB)
·
Final Report (In Japanese) (PDF/16.6MB)
Sri Lanka
Verification Survey with the Private Sector for Disseminating Japanese Technologies for Recycling Project of Organic Garbage and Agricultural Waste by Screw Type Composting Plant
SDGs-SS
2010
B
·
Final Report （In Japanese）
·
Environmental Recommendation (Apr.6,2016) (PDF/192KB)
·
Environmental Review(Japanese) (PDF/183KB)
·
Final Report （In Japanese）
Sri Lanka
Verification Survey with the Private Sector for Disseminating Japanese Technologies for Wastewater Treatment by Ozone Oxidation Method with Swirling Jet
SDGs-SS
2010
B
·
Final Report (In Japanese) (PDF/6.33MB)
-
·
Environmental Review(Japanese) (PDF/131KB)
·
Final Report (In Japanese) (PDF/6.33MB)
Sri Lanka
BOP business on water supply in non-supply areas
TCP
2010
B
-
-
-
-
Sri Lanka
Project for Formulation of Western Province Solid Waste Management Master Plan
TCP
2010
B
·
Detailed Planning Survey(April,19 2019) (PDF/963KB)
-
-
-
Sri Lanka
Project for Formulation of Western Province Solid Waste Management Master Plan
TCP
2010
B
-
-
-
-
Sri Lanka
Project for Flood Mitigation Master Plan for Colombo Metropolitan Region
TCDP
2010
B
-
-
-
-
Sri Lanka
Project on Generation and Transmission Master Plan Study
TCDP
2010
B
·
ESC in Detailed Planning Survey (PDF/865KB)
-
-
-
Sri Lanka
The Project for Formulating Cascade System Development Plan under North Central Province Canal
TCDP
2010
B
-
-
-
-
Sri Lanka
The Project for The Strategic Master Plan Under Sewerage Sector
TCDP
2010
B
·
Environmental and Social Considerations in Detailed Planning Survey(May.15,2015) (PDF/860KB)
·
RD Sewerage MP(Aug.31,2015) (PDF/939KB)
-
-
-
Sri Lanka
Urban Transport System Development Project for Colombo Metropolitan Region and Suburbs
TCDP
2010
B
·
Urban Transport System Development Project for Colombo Metropolitan Region and Suburbs-Final Report
-
-
-
Sri Lanka
Anuradhapura North Water Supply Project (Phase1)
L
2010
B
·
Preparatory Survey Volume 1(PDF/2.76MB)
·
Volume 2(PDF/7.51MB)
·
Volume 3(PDF/8.22MB)
·
Volume 4: Cover～Drawings(PDF/10.5MB)
·
Volume 4: Drawings(PDF/13.5MB)
-
·
Environmental Review
·
EIA/RAP (PDF/130KB)
Sri Lanka
Anuradhapura North Water Supply Project Phase 2
L
2010
B
·
Preparatory Survey Volume 1 (summary) (PDF/2.49MB)
·
Volume 2 (main, cover - chapter 4) (PDF/4.10MB)
·
Volume 2 (main, chapter 5 - chapter 10) (PDF/3.56MB)
·
Volume 3 (appendix, cover - chapter 5) (PDF/4.44MB)
·
Volume 3 (appendix, chapter 6 - chapter 7) (PDF/1.67MB)
·
Supplemental Study (PDF/10.1MB)
-
·
Environmental Review
-
Sri Lanka
Bandaranaike International Airport Development Project 2 (II)
L
2010
B
-
-
·
Environmental Review
·
Result of Monitoring (2022Q2) (PDF/165KB)
Sri Lanka
Bandaranaike International Airport Development Project Phase2
L
2010
B
-
-
·
Environmental Review
·
Result of Monitoring (2022Q2) (PDF/165KB)
Sri Lanka
Feasibility Study for Cascade System Development Project in North Central Province
L
2010
B
-
-
-
-
Sri Lanka
Greater Colombo Transmission and Distribution Loss Reduction Project
L
2010
B
-
-
·
Environmental Review
·
EIA (PDF/2.00MB)
Sri Lanka
Greater Colombo Transmission and Distribution Loss Reduction Project Phase2
L
2010
B
-
-
-
-
Sri Lanka
Habarana-Veyangoda Transmission Line Construction Project
L
2010
B
-
-
·
Environmental Review
·
Result of Monitoring (PDF/1.65MB)
Sri Lanka
Health and Medical Service Improvement Project
L
2010
B
·
Preparatory Survey(PDF/3.38MB)
-
·
Environmental Review (PDF/193KB)
-
Sri Lanka
Landslide Disaster Protection Project of the National Road Network
L
2010
B
-
-
·
Ex-Ante Evaluation
·
Environment Monitoring (December 2019) (PDF/1.08MB)
Sri Lanka
Landslide Disaster Protection Project of the National Road Network Phase 2
L
2010
B
·
Preparatory Survey: Cover～Chapter10(PDF/9.77MB)
·
Appendix1～Appendix4(PDF/6.95MB)
·
Appendix4（PDF/10.86MB）
·
Appendix4 site37～Appendix6(PDF/9.07MB)
-
-
-
Sri Lanka
Major Bridges Construction Project of the National Road Network
L
2010
B
-
-
·
Ex-Ante Evaluation (PDF/244.66KB)
-
Sri Lanka
National Transmission and Distribution Network Development and Efficiency Improvement Project
L
2010
B
-
-
·
Environmental Review
-
Sri Lanka
National Transmission and Distribution Network Development and Efficiency Improvement Project (II)
L
2010
B
·
Preparatory Survey: Cover～Chapter 16(PDF/6.10MB)
·
Annex 3.6～Annex 10.5-1(PDF/9.60MB)
·
Annex 11.2-1～Annex 12.2-3(PDF/7.34MB)
-
-
-
Sri Lanka
Preparatory survey for New Integrated Urban Public Transport System Introduction Project
L
2010
B
·
Preparatory survey 1/13（PDF/2.12MB）
·
2/13（PDF/9.03MB）
·
3/13（PDF/8.12MB）
·
4/13（PDF/7.01MB）
·
5/13（PDF/6.98MB）
·
6/13（PDF/4.99MB）
·
7/13（PDF/5.84MB）
·
8/13（PDF/8.40MB）
·
9/13（PDF/6.12MB）
·
10/13（PDF/9.10MB）
·
11/13（PDF/5.66MB）
·
12/13（PDF/4.89MB）
·
13/13（PDF/6.80MB）
-
-
-
Sri Lanka
Project for Development of East Container Terminal in Colombo Port
L
2010
B
-
-
-
-
Sri Lanka
Rural Infrastructure Development Project (Northern Province, Eastern Province, North Central Province and Uva Province)
L
2010
B
-
-
·
Environmental Review(PDF/308KB)
-
Sri Lanka
Sri Jayawardenepura Kotte Sewerage Construction Project
L
2010
B
·
Preparatory survey: main report(PDF/8.03MB)
·
additional study(PDF/4.24MB)
-
-
-
Sri Lanka
Kalu Ganga Water Supply Expansion Project (I)
L
2010
B
·
The Preparatory Survey on Water Sector Development Project Ⅲ in the Democratic Socialist Republic of Srilanka Final Report Volume1 Executive Summary (June 19, 2015) (PDF/5.91MB)
-
-
-
Sri Lanka
The Project for Rehabilitation of Killinochchi Water Supply Scheme
GA
2010
B
·
Preparatory Survey Volume 1（PDF/2.84MB）
·
Volume 2（PDF/2.93MB）
·
Appendix 1（PDF/3.91MB）
·
Appendix 2（PDF/3.31MB）
·
Appendix 3（PDF/2.93MB）
-
·
Environmental Review (In Japanese)（PDF/219.8KB）
-
Sri Lanka
The Project for the Improvement of Infectious Waste Management
GA
2022
B
-
-
-
-
Sri Lanka
Emergency Natural Disaster Rehabilitation Project
L
2010
FI
-
-
·
Environmental Review (PDF/100KB)
-
Sri Lanka
The Project for Updating Colombo Urban Transport Master Plan
TCDP
2022
B
-
-
-
-
Sri Lanka
The Project for the Improvement of Waste Management in the Western Province
GA
2022
B
-
-
-
-
Sri Lanka
The Project for Construction of Pumping Station in Kelani River Basin
GA
2022
B
-
-
-
-
Japan International Cooperation Agency
Who We Are
Who We Are
President's Desk
Basic information
JICA's policy and plan
Organization
To all investors
Initiatives towards DX
What We Do
What We Do
Thematic Issues
Studies and Research
Types of Assistance
Evaluations
Where We Work
Where We Work
Country Assistance Policy and Analisis
Asia
Pacific
Latin America
Africa
Middle East
Europe
News＆Publication
News＆Publication
Press Releases
Emergency Relief News
Notices
Topics
Blog
Top Meetings
Board Memberʼs Activities
Events
Event reportings
Publications
Site Contents
FAQ
Contact Us
Social Media Accounts
Site Management Policy
Privacy Policy
Japan International Cooperation Agency
Nibancho Center Building, 5-25 Niban-cho, Chiyoda-ku, Tokyo 102-8012, Japan
Phone: +81-3-5226-6660 through 6663
Copyright © Japan International Cooperation Agency"
