field,category,data_type,normalized_unit,nullable,definition,validation,available_observations
project_name,identity,string_or_date,,True,project name; preserve the exact source scope and measurement basis.,Missing is blank CSV / null JSON; require source reference. Dates require explicit parsing. Percent completion 0..100.,0
authority,identity,string_or_date,,True,authority; preserve the exact source scope and measurement basis.,Missing is blank CSV / null JSON; require source reference. Dates require explicit parsing. Percent completion 0..100.,0
project_number,identity,string_or_date,,True,project number; preserve the exact source scope and measurement basis.,Missing is blank CSV / null JSON; require source reference. Dates require explicit parsing. Percent completion 0..100.,0
package_number,identity,string_or_date,,True,package number; preserve the exact source scope and measurement basis.,Missing is blank CSV / null JSON; require source reference. Dates require explicit parsing. Percent completion 0..100.,0
state,identity,string_or_date,,True,state; preserve the exact source scope and measurement basis.,Missing is blank CSV / null JSON; require source reference. Dates require explicit parsing. Percent completion 0..100.,0
district,identity,string_or_date,,True,district; preserve the exact source scope and measurement basis.,Missing is blank CSV / null JSON; require source reference. Dates require explicit parsing. Percent completion 0..100.,0
tehsil,identity,string_or_date,,True,tehsil; preserve the exact source scope and measurement basis.,Missing is blank CSV / null JSON; require source reference. Dates require explicit parsing. Percent completion 0..100.,0
village,identity,string_or_date,,True,village; preserve the exact source scope and measurement basis.,Missing is blank CSV / null JSON; require source reference. Dates require explicit parsing. Percent completion 0..100.,0
chainage_start,identity,string_or_date,,True,chainage start; preserve the exact source scope and measurement basis.,Missing is blank CSV / null JSON; require source reference. Dates require explicit parsing. Percent completion 0..100.,0
chainage_end,identity,string_or_date,,True,chainage end; preserve the exact source scope and measurement basis.,Missing is blank CSV / null JSON; require source reference. Dates require explicit parsing. Percent completion 0..100.,0
latitude,identity,string_or_date,,True,latitude; preserve the exact source scope and measurement basis.,Missing is blank CSV / null JSON; require source reference. Dates require explicit parsing. Percent completion 0..100.,0
longitude,identity,string_or_date,,True,longitude; preserve the exact source scope and measurement basis.,Missing is blank CSV / null JSON; require source reference. Dates require explicit parsing. Percent completion 0..100.,0
land_required_ha,land_acquisition,number,ha,True,"Source-defined required/proposed land, not necessarily purchased or legally acquired.",Missing is blank CSV / null JSON; require source reference. Dates require explicit parsing. Percent completion 0..100.,399
land_available_ha,land_acquisition,number,ha,True,land available ha; preserve the exact source scope and measurement basis.,Missing is blank CSV / null JSON; require source reference. Dates require explicit parsing. Percent completion 0..100.,0
land_to_be_acquired_ha,land_acquisition,number,ha,True,land to be acquired ha; preserve the exact source scope and measurement basis.,Missing is blank CSV / null JSON; require source reference. Dates require explicit parsing. Percent completion 0..100.,1
land_acquired_ha,land_acquisition,number,ha,True,Source-defined acquisition total; land_tenure identifies purchase/resumption and other scope differences.,Missing is blank CSV / null JSON; require source reference. Dates require explicit parsing. Percent completion 0..100.,384
land_acquired_till_now_ha,land_acquisition,number,ha,True,land acquired till now ha; preserve the exact source scope and measurement basis.,Missing is blank CSV / null JSON; require source reference. Dates require explicit parsing. Percent completion 0..100.,0
acquisition_progress_pct,land_acquisition,number,%,True,Reported acquisition percentage with source-specific denominator; do not assume purchase-only denominator.,Missing is blank CSV / null JSON; require source reference. Dates require explicit parsing. Percent completion 0..100.,383
3A_notification_number,land_acquisition,string_or_date,,True,3A notification number; preserve the exact source scope and measurement basis.,Missing is blank CSV / null JSON; require source reference. Dates require explicit parsing. Percent completion 0..100.,0
3A_notification_date,land_acquisition,string_or_date,,True,3A notification date; preserve the exact source scope and measurement basis.,Missing is blank CSV / null JSON; require source reference. Dates require explicit parsing. Percent completion 0..100.,0
3D_notification_number,land_acquisition,string_or_date,,True,3D notification number; preserve the exact source scope and measurement basis.,Missing is blank CSV / null JSON; require source reference. Dates require explicit parsing. Percent completion 0..100.,0
3D_notification_date,land_acquisition,string_or_date,,True,3D notification date; preserve the exact source scope and measurement basis.,Missing is blank CSV / null JSON; require source reference. Dates require explicit parsing. Percent completion 0..100.,0
award_number,land_acquisition,string_or_date,,True,award number; preserve the exact source scope and measurement basis.,Missing is blank CSV / null JSON; require source reference. Dates require explicit parsing. Percent completion 0..100.,0
award_date,land_acquisition,string_or_date,,True,award date; preserve the exact source scope and measurement basis.,Missing is blank CSV / null JSON; require source reference. Dates require explicit parsing. Percent completion 0..100.,0
possession_date,land_acquisition,string_or_date,,True,possession date; preserve the exact source scope and measurement basis.,Missing is blank CSV / null JSON; require source reference. Dates require explicit parsing. Percent completion 0..100.,0
possession_percentage,land_acquisition,string_or_date,,True,possession percentage; preserve the exact source scope and measurement basis.,Missing is blank CSV / null JSON; require source reference. Dates require explicit parsing. Percent completion 0..100.,0
CALA,land_acquisition,string_or_date,,True,CALA; preserve the exact source scope and measurement basis.,Missing is blank CSV / null JSON; require source reference. Dates require explicit parsing. Percent completion 0..100.,0
acquisition_status,land_acquisition,string_or_date,,True,acquisition status; preserve the exact source scope and measurement basis.,Missing is blank CSV / null JSON; require source reference. Dates require explicit parsing. Percent completion 0..100.,0
compensation_amount,compensation,string_or_date,,True,compensation amount; preserve the exact source scope and measurement basis.,Missing is blank CSV / null JSON; require source reference. Dates require explicit parsing. Percent completion 0..100.,0
compensation_awarded,compensation,string_or_date,,True,compensation awarded; preserve the exact source scope and measurement basis.,Missing is blank CSV / null JSON; require source reference. Dates require explicit parsing. Percent completion 0..100.,0
compensation_paid,compensation,string_or_date,,True,compensation paid; preserve the exact source scope and measurement basis.,Missing is blank CSV / null JSON; require source reference. Dates require explicit parsing. Percent completion 0..100.,0
compensation_pending,compensation,string_or_date,,True,compensation pending; preserve the exact source scope and measurement basis.,Missing is blank CSV / null JSON; require source reference. Dates require explicit parsing. Percent completion 0..100.,0
payment_date,compensation,string_or_date,,True,payment date; preserve the exact source scope and measurement basis.,Missing is blank CSV / null JSON; require source reference. Dates require explicit parsing. Percent completion 0..100.,0
affected_families,rr_social_impact,number,count,True,affected families; preserve the exact source scope and measurement basis.,Missing is blank CSV / null JSON; require source reference. Dates require explicit parsing. Percent completion 0..100.,1
landowners_count,compensation,number,count,True,landowners count; preserve the exact source scope and measurement basis.,Missing is blank CSV / null JSON; require source reference. Dates require explicit parsing. Percent completion 0..100.,1
payment_status,compensation,string_or_date,,True,payment status; preserve the exact source scope and measurement basis.,Missing is blank CSV / null JSON; require source reference. Dates require explicit parsing. Percent completion 0..100.,0
SIA_status,rr_social_impact,string_or_date,,True,SIA status; preserve the exact source scope and measurement basis.,Missing is blank CSV / null JSON; require source reference. Dates require explicit parsing. Percent completion 0..100.,0
SIA_date,rr_social_impact,string_or_date,,True,SIA date; preserve the exact source scope and measurement basis.,Missing is blank CSV / null JSON; require source reference. Dates require explicit parsing. Percent completion 0..100.,0
RR_status,rr_social_impact,string_or_date,,True,RR status; preserve the exact source scope and measurement basis.,Missing is blank CSV / null JSON; require source reference. Dates require explicit parsing. Percent completion 0..100.,0
RR_progress,rr_social_impact,string_or_date,,True,RR progress; preserve the exact source scope and measurement basis.,Missing is blank CSV / null JSON; require source reference. Dates require explicit parsing. Percent completion 0..100.,0
resettlement_sites,rr_social_impact,string_or_date,,True,resettlement sites; preserve the exact source scope and measurement basis.,Missing is blank CSV / null JSON; require source reference. Dates require explicit parsing. Percent completion 0..100.,0
rehabilitation_status,rr_social_impact,string_or_date,,True,rehabilitation status; preserve the exact source scope and measurement basis.,Missing is blank CSV / null JSON; require source reference. Dates require explicit parsing. Percent completion 0..100.,0
case_number,legal,string_or_date,text,True,case number; preserve the exact source scope and measurement basis.,Missing is blank CSV / null JSON; require source reference. Dates require explicit parsing. Percent completion 0..100.,1
court,legal,string_or_date,text,True,court; preserve the exact source scope and measurement basis.,Missing is blank CSV / null JSON; require source reference. Dates require explicit parsing. Percent completion 0..100.,1
case_type,legal,string_or_date,,True,case type; preserve the exact source scope and measurement basis.,Missing is blank CSV / null JSON; require source reference. Dates require explicit parsing. Percent completion 0..100.,0
filing_date,legal,string_or_date,,True,filing date; preserve the exact source scope and measurement basis.,Missing is blank CSV / null JSON; require source reference. Dates require explicit parsing. Percent completion 0..100.,0
case_status,legal,string_or_date,text,True,case status; preserve the exact source scope and measurement basis.,Missing is blank CSV / null JSON; require source reference. Dates require explicit parsing. Percent completion 0..100.,1
last_hearing_date,legal,string_or_date,,True,last hearing date; preserve the exact source scope and measurement basis.,Missing is blank CSV / null JSON; require source reference. Dates require explicit parsing. Percent completion 0..100.,0
legal_issue,legal,string_or_date,,True,legal issue; preserve the exact source scope and measurement basis.,Missing is blank CSV / null JSON; require source reference. Dates require explicit parsing. Percent completion 0..100.,0
project_relation,legal,string_or_date,,True,project relation; preserve the exact source scope and measurement basis.,Missing is blank CSV / null JSON; require source reference. Dates require explicit parsing. Percent completion 0..100.,0
approval_type,approvals,string_or_date,,True,approval type; preserve the exact source scope and measurement basis.,Missing is blank CSV / null JSON; require source reference. Dates require explicit parsing. Percent completion 0..100.,0
proposal_number,approvals,string_or_date,,True,proposal number; preserve the exact source scope and measurement basis.,Missing is blank CSV / null JSON; require source reference. Dates require explicit parsing. Percent completion 0..100.,0
approval_number,approvals,string_or_date,,True,approval number; preserve the exact source scope and measurement basis.,Missing is blank CSV / null JSON; require source reference. Dates require explicit parsing. Percent completion 0..100.,0
approval_status,approvals,string_or_date,text,True,approval status; preserve the exact source scope and measurement basis.,Missing is blank CSV / null JSON; require source reference. Dates require explicit parsing. Percent completion 0..100.,1
application_date,approvals,string_or_date,,True,application date; preserve the exact source scope and measurement basis.,Missing is blank CSV / null JSON; require source reference. Dates require explicit parsing. Percent completion 0..100.,0
approval_date,approvals,string_or_date,,True,approval date; preserve the exact source scope and measurement basis.,Missing is blank CSV / null JSON; require source reference. Dates require explicit parsing. Percent completion 0..100.,0
expiry_date,approvals,string_or_date,,True,expiry date; preserve the exact source scope and measurement basis.,Missing is blank CSV / null JSON; require source reference. Dates require explicit parsing. Percent completion 0..100.,0
observation_date,climate,string_or_date,,True,observation date; preserve the exact source scope and measurement basis.,Missing is blank CSV / null JSON; require source reference. Dates require explicit parsing. Percent completion 0..100.,0
rainfall_mm,climate,number,mm,True,Actual rainfall over observation_period at district resolution; daily and cumulative are separate.,Missing is blank CSV / null JSON; require source reference. Dates require explicit parsing. Percent completion 0..100.,20
temperature,climate,string_or_date,,True,temperature; preserve the exact source scope and measurement basis.,Missing is blank CSV / null JSON; require source reference. Dates require explicit parsing. Percent completion 0..100.,0
humidity,climate,string_or_date,,True,humidity; preserve the exact source scope and measurement basis.,Missing is blank CSV / null JSON; require source reference. Dates require explicit parsing. Percent completion 0..100.,0
weather_condition,climate,string_or_date,,True,weather condition; preserve the exact source scope and measurement basis.,Missing is blank CSV / null JSON; require source reference. Dates require explicit parsing. Percent completion 0..100.,0
rainfall_category,climate,string_or_date,text,True,rainfall category; preserve the exact source scope and measurement basis.,Missing is blank CSV / null JSON; require source reference. Dates require explicit parsing. Percent completion 0..100.,20
warning,climate,string_or_date,,True,warning; preserve the exact source scope and measurement basis.,Missing is blank CSV / null JSON; require source reference. Dates require explicit parsing. Percent completion 0..100.,0
warning_date,climate,string_or_date,,True,warning date; preserve the exact source scope and measurement basis.,Missing is blank CSV / null JSON; require source reference. Dates require explicit parsing. Percent completion 0..100.,0
elevation,terrain_landscape,string_or_date,,True,elevation; preserve the exact source scope and measurement basis.,Missing is blank CSV / null JSON; require source reference. Dates require explicit parsing. Percent completion 0..100.,0
slope,terrain_landscape,string_or_date,,True,slope; preserve the exact source scope and measurement basis.,Missing is blank CSV / null JSON; require source reference. Dates require explicit parsing. Percent completion 0..100.,0
terrain_type,terrain_landscape,string_or_date,,True,terrain type; preserve the exact source scope and measurement basis.,Missing is blank CSV / null JSON; require source reference. Dates require explicit parsing. Percent completion 0..100.,0
forest_intersection,terrain_landscape,string_or_date,,True,forest intersection; preserve the exact source scope and measurement basis.,Missing is blank CSV / null JSON; require source reference. Dates require explicit parsing. Percent completion 0..100.,0
waterbody_intersection,terrain_landscape,string_or_date,,True,waterbody intersection; preserve the exact source scope and measurement basis.,Missing is blank CSV / null JSON; require source reference. Dates require explicit parsing. Percent completion 0..100.,0
flood_risk,terrain_landscape,string_or_date,,True,flood risk; preserve the exact source scope and measurement basis.,Missing is blank CSV / null JSON; require source reference. Dates require explicit parsing. Percent completion 0..100.,0
landslide_risk,terrain_landscape,string_or_date,,True,landslide risk; preserve the exact source scope and measurement basis.,Missing is blank CSV / null JSON; require source reference. Dates require explicit parsing. Percent completion 0..100.,0
access_constraint,terrain_landscape,string_or_date,text,True,access constraint; preserve the exact source scope and measurement basis.,Missing is blank CSV / null JSON; require source reference. Dates require explicit parsing. Percent completion 0..100.,1
barrier_type,barriers,string_or_date,,True,barrier type; preserve the exact source scope and measurement basis.,Missing is blank CSV / null JSON; require source reference. Dates require explicit parsing. Percent completion 0..100.,0
barrier_description,barriers,string_or_date,text,True,barrier description; preserve the exact source scope and measurement basis.,Missing is blank CSV / null JSON; require source reference. Dates require explicit parsing. Percent completion 0..100.,11
severity,barriers,string_or_date,,True,severity; preserve the exact source scope and measurement basis.,Missing is blank CSV / null JSON; require source reference. Dates require explicit parsing. Percent completion 0..100.,0
start_date,barriers,string_or_date,,True,start date; preserve the exact source scope and measurement basis.,Missing is blank CSV / null JSON; require source reference. Dates require explicit parsing. Percent completion 0..100.,0
end_date,barriers,string_or_date,,True,end date; preserve the exact source scope and measurement basis.,Missing is blank CSV / null JSON; require source reference. Dates require explicit parsing. Percent completion 0..100.,0
status,barriers,string_or_date,,True,status; preserve the exact source scope and measurement basis.,Missing is blank CSV / null JSON; require source reference. Dates require explicit parsing. Percent completion 0..100.,0
tender_reference,procurement_progress,string_or_date,,True,tender reference; preserve the exact source scope and measurement basis.,Missing is blank CSV / null JSON; require source reference. Dates require explicit parsing. Percent completion 0..100.,0
contractor_name,procurement_progress,string_or_date,text,True,contractor name; preserve the exact source scope and measurement basis.,Missing is blank CSV / null JSON; require source reference. Dates require explicit parsing. Percent completion 0..100.,1
contract_value,procurement_progress,string_or_date,,True,contract value; preserve the exact source scope and measurement basis.,Missing is blank CSV / null JSON; require source reference. Dates require explicit parsing. Percent completion 0..100.,0
physical_progress,procurement_progress,number,%,True,Construction progress; never substituted for acquisition progress.,Missing is blank CSV / null JSON; require source reference. Dates require explicit parsing. Percent completion 0..100.,2
financial_progress,procurement_progress,number,%,True,financial progress; preserve the exact source scope and measurement basis.,Missing is blank CSV / null JSON; require source reference. Dates require explicit parsing. Percent completion 0..100.,1
construction_status,procurement_progress,string_or_date,,True,construction status; preserve the exact source scope and measurement basis.,Missing is blank CSV / null JSON; require source reference. Dates require explicit parsing. Percent completion 0..100.,0
completion_target,procurement_progress,string_or_date,text,True,completion target; preserve the exact source scope and measurement basis.,Missing is blank CSV / null JSON; require source reference. Dates require explicit parsing. Percent completion 0..100.,2
delay,procurement_progress,string_or_date,,True,delay; preserve the exact source scope and measurement basis.,Missing is blank CSV / null JSON; require source reference. Dates require explicit parsing. Percent completion 0..100.,0
EOT,procurement_progress,string_or_date,,True,EOT; preserve the exact source scope and measurement basis.,Missing is blank CSV / null JSON; require source reference. Dates require explicit parsing. Percent completion 0..100.,0
hindrance,procurement_progress,string_or_date,,True,hindrance; preserve the exact source scope and measurement basis.,Missing is blank CSV / null JSON; require source reference. Dates require explicit parsing. Percent completion 0..100.,0
constructed_length_km,additional_source_specific,number,km,True,constructed length km; preserve the exact source scope and measurement basis.,Missing is blank CSV / null JSON; require source reference. Dates require explicit parsing. Percent completion 0..100.,3
government_land_allotted_ha,additional_source_specific,number,ha,True,government land allotted ha; preserve the exact source scope and measurement basis.,Missing is blank CSV / null JSON; require source reference. Dates require explicit parsing. Percent completion 0..100.,1
compensation_budget_inr,additional_source_specific,number,INR,True,"Planned compensation/R&R budget, not payment achieved.",Missing is blank CSV / null JSON; require source reference. Dates require explicit parsing. Percent completion 0..100.,2
RR_budget_inr,additional_source_specific,number,INR,True,RR budget inr; preserve the exact source scope and measurement basis.,Missing is blank CSV / null JSON; require source reference. Dates require explicit parsing. Percent completion 0..100.,1
station_count,additional_source_specific,number,count,True,station count; preserve the exact source scope and measurement basis.,Missing is blank CSV / null JSON; require source reference. Dates require explicit parsing. Percent completion 0..100.,2
awarded_length_km,additional_source_specific,number,km,True,awarded length km; preserve the exact source scope and measurement basis.,Missing is blank CSV / null JSON; require source reference. Dates require explicit parsing. Percent completion 0..100.,1
constructed_tunnel_length_km,additional_source_specific,number,km,True,constructed tunnel length km; preserve the exact source scope and measurement basis.,Missing is blank CSV / null JSON; require source reference. Dates require explicit parsing. Percent completion 0..100.,1
forest_diversion_area_ha,additional_source_specific,number,ha,True,"Forest area in a specified proposal/clearance, not total acquired land.",Missing is blank CSV / null JSON; require source reference. Dates require explicit parsing. Percent completion 0..100.,1
row_available_pct,additional_source_specific,number,%,True,row available pct; preserve the exact source scope and measurement basis.,Missing is blank CSV / null JSON; require source reference. Dates require explicit parsing. Percent completion 0..100.,1
affected_villages_count,additional_source_specific,number,count,True,affected villages count; preserve the exact source scope and measurement basis.,Missing is blank CSV / null JSON; require source reference. Dates require explicit parsing. Percent completion 0..100.,383
land_to_be_purchased_ha,additional_source_specific,number,ha,True,Area proposed for purchase; distinct from all land required or resumption land.,Missing is blank CSV / null JSON; require source reference. Dates require explicit parsing. Percent completion 0..100.,383
land_to_be_resumed_ha,additional_source_specific,number,ha,True,land to be resumed ha; preserve the exact source scope and measurement basis.,Missing is blank CSV / null JSON; require source reference. Dates require explicit parsing. Percent completion 0..100.,383
sale_deeds_count,additional_source_specific,number,count,True,sale deeds count; preserve the exact source scope and measurement basis.,Missing is blank CSV / null JSON; require source reference. Dates require explicit parsing. Percent completion 0..100.,383
land_purchased_ha,additional_source_specific,number,ha,True,land purchased ha; preserve the exact source scope and measurement basis.,Missing is blank CSV / null JSON; require source reference. Dates require explicit parsing. Percent completion 0..100.,383
farmers_count,additional_source_specific,number,count,True,farmers count; preserve the exact source scope and measurement basis.,Missing is blank CSV / null JSON; require source reference. Dates require explicit parsing. Percent completion 0..100.,383
land_resumed_exchanged_ha,additional_source_specific,number,ha,True,land resumed exchanged ha; preserve the exact source scope and measurement basis.,Missing is blank CSV / null JSON; require source reference. Dates require explicit parsing. Percent completion 0..100.,383
purchase_progress_pct,additional_source_specific,number,%,True,Reported purchased area divided by source purchase requirement; not total acquisition progress.,Missing is blank CSV / null JSON; require source reference. Dates require explicit parsing. Percent completion 0..100.,383
land_purchase_remaining_ha,additional_source_specific,number,ha,True,land purchase remaining ha; preserve the exact source scope and measurement basis.,Missing is blank CSV / null JSON; require source reference. Dates require explicit parsing. Percent completion 0..100.,383
rainfall_normal_mm,additional_source_specific,number,mm,True,rainfall normal mm; preserve the exact source scope and measurement basis.,Missing is blank CSV / null JSON; require source reference. Dates require explicit parsing. Percent completion 0..100.,20
entity_id,provenance_and_scope,string_or_boolean,,True,Local scoped entity identifier; not an official package number.,Required where applicable; never infer a missing identifier.,
parent_entity_id,provenance_and_scope,string_or_boolean,,True,Parent project/programme; prevents programme aggregation into parcel facts.,Required where applicable; never infer a missing identifier.,
source_id,provenance_and_scope,string_or_boolean,,True,Stable collection source identifier.,Required where applicable; never infer a missing identifier.,
source_sha256,provenance_and_scope,string_or_boolean,,True,SHA256 of downloaded raw source bytes.,Required where applicable; never infer a missing identifier.,
source_reference,provenance_and_scope,string_or_boolean,,True,"PDF one-based physical page/table/row, HTML table/row or JSON pointer.",Required where applicable; never infer a missing identifier.,
value_original,provenance_and_scope,string_or_boolean,,True,Original reported value before unit conversion.,Required where applicable; never infer a missing identifier.,
unit_original,provenance_and_scope,string_or_boolean,,True,Explicit source unit; unknown units must not be guessed.,Required where applicable; never infer a missing identifier.,
value_normalized,provenance_and_scope,string_or_boolean,,True,Converted numeric value or preserved category.,Required where applicable; never infer a missing identifier.,
measurement_type,provenance_and_scope,string_or_boolean,,True,"Reported actual, requirement, planned estimate, daily or cumulative context.",Required where applicable; never infer a missing identifier.,
land_tenure,provenance_and_scope,string_or_boolean,,True,Separates government/private and temporary/permanent scope.,Required where applicable; never infer a missing identifier.,
observation_period,provenance_and_scope,string_or_boolean,,True,Temporal coverage of the measurement.,Required where applicable; never infer a missing identifier.,
observation_date_original,provenance_and_scope,string_or_boolean,,True,Preserved source date token.,Required where applicable; never infer a missing identifier.,
date_precision,provenance_and_scope,string_or_boolean,,True,Day/month/year/missing/review_required; no invented day.,Required where applicable; never infer a missing identifier.,
confidence,provenance_and_scope,string_or_boolean,,True,"Heuristic evidence-review score, not statistical probability.",Required where applicable; never infer a missing identifier.,
conflict_flag,provenance_and_scope,string_or_boolean,,True,True for unresolved same-scope/time/value disagreement.,Required where applicable; never infer a missing identifier.,
ml_eligible,provenance_and_scope,string_or_boolean,,True,"False until feature assembly, temporal checks and target verification.",Required where applicable; never infer a missing identifier.,
verification_status,provenance_and_scope,string_or_boolean,,True,"official, verified_manual, public_snapshot, inferred, missing, stale, review_required.",Required where applicable; never infer a missing identifier.,
identity_status,provenance_and_scope,string_or_boolean,,True,Independent project-match state; official hosting does not establish identity.,Required where applicable; never infer a missing identifier.,
